name,full_name,dob,age,height,weight,eye_color,hair_color,zodiac_sign,hometown,nationality,education_qualification,religion,food_habit,hobbies,marital_status,salary,net_worth,image_path
Abhay Deol,Abhay Deol,15 March 1976,,185 cm,77 kg,Dark Brown,Black,Pisces,Mumbai_Maharashtra_India,Indian,College dropout,Sikhism,,Interior designing_travelling_yoga_martial arts ,Unmarried,2-4 crore/film (INR),Not Known,images/Abhay_Deol.jpg
Abhishek Bachchan,Abhishek Bachchan,5 February 1976 (Thursday),44 Years,188 cm,,Dark Brown ,Black,Aquarius,Mumbai_Maharashtra_India,Indian,Attended a Business course at the Boston University (dropout),Hindusim,Non-Vegetarian,Watching Films_Driving_Sketching_Cooking,Married,Rs. 10-12 Crore/film,$30 Million (₹200 Crore),images/Abhishek_Bachchan.jpg
Abbas Ali,Abbas Ali,Not Known,,168 cm,80 kg,Black,Black,Not Known,Mumbai_India,Indian,Masters in Sports and Nutritions,Islam,,Swimming_Horse-Riding,Married,,,images/Abbas_Ali.jpg
Aashish Chaudhary,Aashish Chaudhary,21 July 1978 (Friday),,175 cm,,Dark Brown,Black,Cancer,Guwahati_Assam_India,Indian,,,,Travelling_Gymming_Swimming,Married,,,images/Aashish_Chaudhary.jpg
Aamir Khan,Mohammed Aamir Hussain Khan ,14 March 1965,55 Years,168 cm,70 kg,Brown,Black,Pisces,Mumbai_Maharashtra_India,Indian,12th Standard,Islam,"Vegetarian (At the age of 50, he decided to quit non-vegetarian)",Listening Old Music_Watching Movies_Playing Chess_Tennis and Cricket,Married,₹60 crore/film,₹1302 Crore ($200 Million),images/Aamir_Khan.jpg
Adil Hussain,Adil Hussain,5 October 1963,, 180 cm, 72 kg,,,Libra,Goalpara_Assam_India,Indian,,Islam,,Not Known,Married,,,images/Adil_Hussain.jpg
Aadhi Pinisetty,Aadhi Pinisetty,14 December 1982,, 183 cm, 75 kg,Black,Black,Sagittarius,Chennai_Tamil Nadu_India,Indian,BE (Bachelor of Engineering) in Computer Science,Hinduism,,Reading books_watching films,Unmarried,3 crore/film (INR),Not Known,images/Aadhi_Pinisetty.jpg
Aditya Pancholi,Aditya Pancholi,4 January 1965,,191 cm,74 kg,Grey,Black,Capricorn,Mumbai_Maharashtra_India,Indian ,Not Known,Hindu,,Partying,Married,Not Known,20 Crore (INR),images/Aditya_Pancholi.jpg
Adhyayan Suman,Adhyayan Suman,13 January 1988,,180 cm,69 kg,Black,Black,Capricorn,Mumbai_India,Indian ,Not Known,Hindu,,Buying shades and perfumes,Unmarried,Not Known,Not Known,images/Adhyayan_Suman.jpg
Omi Vaidya,Omi Vaidya,10 January 1982,,168 cm,68 kg,Black,Black,Capricorn,Los Angeles_United States,American,Graduation,Hinduism,,Not Known,Married,,,images/Omi_Vaidya.jpg
Rajkummar Rao,Rajkummar Rao,31 August 1984,,175 cm,70 kg,Dark Brown,Black,Virgo,Gurugram_Haryana_India,Indian,Bachelor of Arts (B. A.),Hinduism,Vegetarian,Reading_Travelling_Dancing,Unmarried,,,images/Rajkummar_Rao.jpg
Ranbir Kapoor,Ranbir Raj Kapoor,28 September 1982,,183 cm,78 kg,Dark Brown,Black,Libra,Mumbai_Maharashtra_India,Indian,A Course on film making from the School of Visual Arts,Hinduism,Non-Vegetarian,Playing Football_Travelling and Watching Movies,Unmarried,₹20-25 Crore/film,₹307 Crore ($39 Million),images/Ranbir_Kapoor.jpg
Prasanna (Actor),Prasanna (Actor),28 August 1982,, 180 cm, 78 kg ,Brown,Black,Virgo,Tiruchirappalli_Tamil Nadu_India,Indian,,Hinduism,,,Married,,,images/Prasanna_(Actor).jpg
Rajkumar Hirani,Rajkumar Hirani,20 November 1962,,175 cm,73 kg,Dark Brown,Salt & Pepper,Scorpio,Nagpur_Maharashtra,Indian,Course in Editing,Hinduism,,Reading,Married,,,images/Rajkumar_Hirani.jpg
Randeep Hooda,Randeep Singh Hooda,20 August 1976,,180 cm,,Dark Brown,Black,Leo,Rohtak_Haryana_India,Indian,MBA in Human Resource Management and Marketing ,Hinduism,Non-Vegetarian,Doing Wildlife Photography_Playing Polo & Show Jumping_Listening To Instrumental Music_Travelling_Doing Workout_Horse-Riding,Unmarried,₹3-4 Crore/film,₹68 Crore ($10 Million),images/Randeep_Hooda.jpg
Om Shivpuri,Om Shivpuri,,,,,,,,,,,,,,,,,images/Om_Shivpuri.jpg
Rajneesh Duggal,Rajneesh Duggal,19 November 1981,,188 cm,85 kg,Black,Black,Scorpio,Delhi_India,Indian,Graduate (B.B.A.),Hindu,,Swimming,Married,Not Known,Not Known,images/Rajneesh_Duggal.jpg
Rajesh Khanna,Rajesh Khanna,29 December 1942,,173 cm,88 kg,Black,White,Capricorn,Mumbai_Maharashtra,Indian,B. A.,Hinduism,,Reading Horoscope_Cooking,Married,,,images/Rajesh_Khanna.jpg
Rajiv Kapoor,Rajiv Kapoor,25 August 1962,,170 cm,80 kg,Brown,Black,Virgo,Mumbai_India, Indian,"Not known,
",Hinduism,,,Divorced,,48346410.10 Rs.,images/Rajiv_Kapoor.jpg
Sahil Khan,Sahil Khan,5 November 1976,,178 cm,90 kg,Hazel,Black,Scorpio,Kolkata_West Bengal_India,Indian ,Not Known,Islam,,Travelling,Divorced,Not Known,Not Known,images/Sahil_Khan.jpg
Sahil Shroff,Sahil Shroff,13 April,,183 cm,80 kg,Dark Brown,Black,Aries,Melbourne_Victoria_Australia,Australian,Masters in Information Technology,Hinduism,,Playing outdoor sports_Watching Movies_Playing Guitar_Reading_Practicing Martial Arts,Unmarried,,,images/Sahil_Shroff.jpg
Sunil Dutt,Sunil Dutt,6 June 1930,,178 cm,74 kg,Dark Brown,Black,Gemini,Mumbai_Maharashtra_India,Indian ,B.A (Hons.) in History in 1954 from Jai Hind College Bombay (now Mumbai),Hinduism,,Doing Philanthropy_Listening to Music,Married (at the time of death),,20 Crore INR (as in 2004),images/Sunil_Dutt.jpg
Thagubothu Ramesh,Thagubothu Ramesh,20 January 1981,,168 cm,70 kg,Dark Brown,Black,Capricorn,Hyderabad_Telangana_India,Indian,,Hinduism,,Travelling_Spending time with family_Playing with kids,Married,,,images/Thagubothu_Ramesh.jpg
Tusshar Kapoor,Tusshar Ravi Kapoor,20 November 1976,,175 cm,75 kg,Dark Brown,Black,Scorpio,Mumbai_Maharashtra_India,Indian ,Bachelor of Business Administration (BBA) and Liberal Arts,Hinduism,Non-Vegetarian,Playing Basketball_Watching Movies,Unmarried,₹2-3 Crore/film,,images/Tusshar_Kapoor.jpg
Uday Chopra,Uday Chopra,5 January 1973,,170 cm,78 kg,Black,Black,Capricorn,Mumbai_Maharashtra_India,Indian ,Not Known,Hindu,,Travelling,Unmarried,,,images/Uday_Chopra.jpg
Upen Patel,Upen Patel,16 August 1982,,176 cm,74 kg,Black,Black,Leo,Ahemdabad_Gujarat_India,British,"Graduate (Computer Science),
Diploma in film-making, (From NIFT, UK),
Diploma in scriptwriting (From UK)",Hindu,,Chilling out with Friends_Watching movies_Reading,Unmarried,Not Known,Not Known,images/Upen_Patel.jpg
Varun Tej,Varun Tej,19 January 1990,, 191 cm, 90 kg,Brown,Black,Capricorn,Hyderabad_Telangana_India,Indian,Not Known,Hinduism,,Playing cricket_reading books,Unmarried,,,images/Varun_Tej.jpg
Vicky Kaushal,Vicky Kaushal,16 May 1988 ,,191 cm,80 kg,Dark Brown,Black,Taurus,Mumbai_Maharashtra_India,Indian ,Bachelor's degree in Electronics and Telecommunications,Hinduism,Non-vegetarian,Dancing_Travelling_Reading_Gymming,Unmarried,₹3 crore/film (as in 2018),,images/Vicky_Kaushal.jpg
Vennela Kishore,Vennela Kishore,19 September 1980 (Friday),,173 cm,75 kg,Black,Black,Virgo,Telangana,Indian,B.com and Masters in Information Systems,Hinduism,Non-Vegetarian,Watching Movies_Playing cricket_Playing snooker,Married,,Not Known,images/Vennela_Kishore.jpg
Veeru Devgan,Veeru Devgan,- 1942,,175 cm,,Black ,Salt & Pepper,,Mumbai_Maharashtra_India, Indian,,Hinduism,Non-Vegetarian,Travelling_Watching Sports,Married,,Not Known,images/Veeru_Devgan.jpg
Venu Madhav,Venu Madhav,30 December 1979 (Monday),,,,,,Capricorn,Suryapet_Telangana_India,Indian,Not Known,Hinduism,,Travelling_Listening to music_watching movies,Married,,,images/Venu_Madhav.jpg
Varun Sandesh,Jeedigunta Varun Sandesh,21 July 1989,, 173 cm, 70 kg ,Brown,Black,Cancer,Rayagada_Odisha_India,American, Not Known,Hinduism,Non-Vegetarian,Playing Basketball_Cricket_Baseball_American football,Married,,,images/Varun_Sandesh.jpg
Zulfi Syed,Zulfi Syed,26 August 1976,,183 cm,75 kg,Black,Brown,Virgo,Bengaluru_Karnataka,Indian,MBA Hotel Management,Islam,,Listening to Music_Travelling,Married,,,images/Zulfi_Syed.jpg
Zayed Khan,Zayed Abbas Khan,5 July 1980,,183 cm,80 kg,Dark Brown,Black,Cancer,Bengaluru_Karnataka_India,Indian,"Diploma in Film Making,
Bachelor of Business Management",Islam,Non-Vegetarian,Playing Adventure Sports_Biking_Playing the Guitar,Married,₹1-2 crore/film,,images/Zayed_Khan.jpg
Yatin Karyekar,Yatin Karyekar,1 July 1966,,-173 cm,65 kg,Grey,Bald,Cancer,Mumbai_India,Indian,,Hinduism,,Watching Movies,Divorced,,,images/Yatin_Karyekar.jpg
Zeishan Quadri,Zeishan Quadri,17 March 1983,,173 cm,70 kg,Dark Brown,Black,Pisces,Wasseypur,Indian,Bachelor of Business Administration (BBA),Islam,,,Unmarried,,,images/Zeishan_Quadri.jpg
Yogesh Sharma,Yogesh Sharma,30 April 2004,,,,Dark Brown,Black,Taurus,Mathura_Uttar Pradesh_India,Indian,Middle Education,Hinduism,,Swimming_dancing,,,,
Yashpal Sharma,Yashpal Sharma,1 January 1967,,175 cm,75 kg,Black,Black,Capricorn,Hisar_Haryana_India,Indian,Graduation In Acting & Drama,Hinduism,,Reading_Travelling,Married,,,images/Yashpal_Sharma.jpg
Vivek Mushran,Vivek Mushran,9 August 1969,, 178 cm, 76 kg ,Brown,Black,Leo,Renukoot_Sonbhadra district_Uttar Pradesh_India,Indian,,Hinduism,,Singing_writing,Married,,,images/Vivek_Mushran.jpg
Yash Tonk,Yash Tonk,30 October,, 175 cm, 72 kg ,Brown,Black,Scorpio,Hisar_Haryana_India,Indian,,Hinduism,,Dancing,Married,,,images/Yash_Tonk.jpg
Vivek Dahiya,Vivek Dahiya,8 November 1984 ,,180 cm,74 kg,Black,Black,Scorpio,Chandigarh_India,Indian ,MSc in International Business Management,Hinduism,,Reading_Playing on Playstation_Kick-boxing_Writing_Travelling_Photography,Married,Not Known,,images/Vivek_Dahiya.jpg
Vishal Karwal,Vishal Karwal,"November 18, 1985",,178 cm,78 kg,Black,Black,Scorpio,Palampur_Himachal Pradesh_India,Indian,Graduate (B.Tech),Hindu,,Reading books_Watching Television,Unmarried,Not Known,Not Known,images/Vishal_Karwal.jpg
Vishal Krishna,Vishal Krishna Reddy,29 August 1977,, 180 cm, 73 kg ,Brown,Black,Virgo,Chennai_Tamil Nadu_India,Indian,,Hinduism,,Dancing,Unmarried,,,images/Vishal_Krishna.jpg
Vivek Oberoi,Vivek Anand Oberoi,3 September 1976,,178 cm,80 kg,Dark Brown,Black,Virgo,Mumbai_India,Indian,Master's Degree in Acting,Hinduism,Vegetarian,Cooking_Boxing,Married,₹3-4 Crore/film,$14 Million,images/Vivek_Oberoi.jpg
Vineeth Sreenivasan,Vineeth Sreenivasan,1 October 1985,,165 cm,85 kg,Black,Black,Libra,Kuthuparamba_Kerala, Indian,Bachelors in Mechanical Engineering,Indian,,Acting_Reading & Singing,Married, 50 lacs/film (INR),,images/Vineeth_Sreenivasan.jpg
Vinod Khanna,Vinod Khanna,6 October 1946,,178 cm,88 kg,Dark Brown,Salt & Pepper,Libra,Mumbai_Maharashtra,Indian,Degree in Commerce,Hinduism,,Not Known,Married,,,images/Vinod_Khanna.jpg
Vinod Mehra,Vinod Mehra,13 February 1945,,175 cm,68 kg,Dark Brown,Black,Aquarius,Amritsar_Punjab_India,Indian,Not Known,Hinduism,,,Married when died,,,images/Vinod_Mehra.jpg
Vinay Pathak,Vinay Pathak,27 July 1968,,168 cm,80 kg,Light Brown,Salt & Pepper,Leo,Ranchi_Jharkhand,Indian,Graduate,Hinduism,,,Divorced,,,images/Vinay_Pathak.jpg
Vineet Kumar,Vineet Kumar,24 August 1981,,183 cm,75 kg,Dark Brown,Black,Virgo,Varanasi_Uttar Pradesh_India,Indian ,"Graduation in Medical Science,
MD (Doctor of Medicine) in Ayurveda from Nagpur",Hinduism,,Playing Basketball_Listening to Music_Watching Films,Unmarried,50 Lakh (INR)/film,,images/Vineet_Kumar.jpg
Vindu Dara,Vindu Dara,6 May 1964 (Wednesday),,183 cm,90 kg,Dark Brown,Black,Taurus,Mumbai_Maharashtra_India,Indian,Graduate,Sikhism,Non-Vegetarian,Travelling_Swimming,Married,,,images/Vindu_Dara.jpg
Vipin Sharma,Vipin Sharma,10 November,,170 cm,70 kg,Black,Black,Scorpio,New Delhi_India,Indian,Course in Acting,Hinduism,,Travelling_Reading_Writing_Yoga,Married,,,images/Vipin_Sharma.jpg
Vikas Kalantri,Vikas Kalantri,,,,,,,,,,,,,,,,,images/Vikas_Kalantri.jpg
Vijay Arora,Vijay Arora,27 December 1944 (Wednesday),,178 cm,,Black,Black,Capricorn,Mumbai_India,Indian,Two-year acting course from the FTII,Hinduism,,,Married,,,images/Vijay_Arora.jpg
Vijay Raaz,Vijay Raaz,5 June 1963,,183 cm,,Dark Brown,Black,Gemini,Delhi_India,Indian,Bachelor of Commerce (B.Com.),Hinduism,,Reading Books on Spirituality & Philosophy_Travelling,Married,,,images/Vijay_Raaz.jpg
Vijay Sethupathi,Vijaya Gurunatha Sethupathi,16 January 1978, 42 Years, 175 cm, 65 kg ,Black,Black,Capricorn,Chennai_Tamil Nadu_India,Indian,,Hinduism,,Singing_writing,Married,,,images/Vijay_Sethupathi.jpg
"Varun Dhawan,",Varun David Dhawan,24 April 1987 (Friday),,180 cm,75 kg,Dark Brown,Black,Taurus,Mumbai_Maharashtra,Indian,Graduate in Business Management,Hinduism,Non-Vegetarian,Dancing_Swimming and Reading,Unmarried,30 crores-35 crores ,49.58 crores (2018) ,"images/Varun_Dhawan,.jpg"
Vijay Deverakonda,Deverakonda Vijay Sai,9 May 1989,,180 cm,75 kg,Brown,Black,Taurus,Hyderabad_Telangana_India,Indian ,Bachelor of Commerce with Honours (B.Com.(Hons)),Hinduism,,Reading Books,Unmarried,,,images/Vijay_Deverakonda.jpg
Vijay Raghavendra,Vijay Raghavendra,26 May 1979,,175 cm,70 kg,Dark Brown,Black,Gemini,Bengaluru_Karnataka_India,Indian,Gradaute,Hinduism,,Driving_Singing,Married,,,images/Vijay_Raghavendra.jpg
Tom Alter,Thomas Beach Alter,22 June 1950,,180 cm,80 kg,Blue,White,Cancer,Mussoorie_Uttarakhand_India,Indian (Ancestors from America),Graduate,Christianity,,Reading Urdu Shayari_Playing and watching Cricket,Married/Unmarried,,,images/Tom_Alter.jpg
Tottempudi Gopichand,Tottempudi Gopichand,12 June 1979,, 186 cm, 75 kg ,Dark Brown,Black,Gemini,Hyderabad_Telangana_India,Indian,,Hinduism,,Playing chess_watching TV,Married,6 crore/film (INR),Not Known,images/Tottempudi_Gopichand.jpg
Tiger Shroff,Tiger Shroff,2 March 1990,,175 cm,70 kg,Light Brown,Black,Pisces,Mumbai_Maharashtra_India,Indian,12th Standard (University drop-out),Hinduism,Non-Vegetarian,Dancing_Performing Martial Arts_Working Out At Gym,Unmarried,₹5 crore/film ,₹50 crore,images/Tiger_Shroff.jpg
Tigmanshu Dhulia,Tigmanshu Dhulia,3 July 1967,,168 cm,80 kg,Brown,Black,Cancer,Allahabad_Uttar Pradesh,Indian,"Degree in English,
Degree in Economics ,
Degree in Modern History,
Master's in Theatre",Hinduism,,,Married,,,images/Tigmanshu_Dhulia.jpg
Tiku Talsania,Tiku Talsania,7 June 1956,,168 cm,75 kg,Dark Brown,Black,Gemini,Mumbai_Maharashtra_India,Indian,Not Known,Hinduism,,Bike Riding_Reading_Photography_Adventure Touring,Married,,,images/Tiku_Talsania.jpg
Tinnu Anand,Tinnu Anand,4 May 1953,,169 cm,60 kg,Black ,Salt & Pepper (Semi-Bald),Taurus ,Mumbai_Maharashtra_India , Indian ,A Degree in Film-making from Satyajit Ray School,Not Known,Vegetarian ,Not known ,Married ,,,
Sushanth (Actor),Sushanth (Actor),18 March,,183 cm,80 kg,Dark Brown,Black,Pisces,Hyderabad_Telangana_India,Indian,B.S in Electrical Engineering,Hinduism,Non-Vegetarian,Dancing_Gymming,Unmarried,,,images/Sushanth_(Actor).jpg
Sushant Singh,Sushant Singh,21 January 1986 (Tuesday),,178 cm,,Dark Brown,Black,Aquarius,Maldiha_Purnea_Bihar,Indian,"12th Standard,
,
, Sushant is a Mechanical Engineering dropout.",Hinduism,Non-Vegetarian ,Dancing_Playing Video Games,Unmarried,Rs. 5-6 Crore/film,,images/Sushant_Singh.jpg
Sunny Deol,Sunny Deol,19 October 1956,,174 cm,805 kg,Brown,Brown,Libra,Sahnewal_Ludhiana_Punjab_India,Indian,Graduate,Sikhism,,Photography_Working Out At Gym_Trekking,Married,₹5 Crore/film,₹339 Crore ($50 million),images/Sunny_Deol.jpg
Suryakumar Yadav,Suryakumar Ashok Yadav,14 September 1990,,180 cm,75 kg,Black,Black,Virgo,Mumbai_Maharashtra_India,Indian ,Bachelor of Commerce (B.Com),Hinduism,Non-Vegetarian,Gymming_Playing video games & guitar_Golfing_Watching football_Swimming_Reading,Married,₹3.2 crore,,images/Suryakumar_Yadav.jpg
Suresh Chavhanke,Suresh Chavhanke,18 February 1972,48 Years,170 cm,78 kg,Dark Brown,Black,Aquarius,Shirdi_Maharashtra_India,Indian,LL.B. (Degree in law),Hinduism,,Travelling,Married,,Not Known,images/Suresh_Chavhanke.jpg
Suresh Oberoi,Suresh Oberoi,17 December 1946,,170 cm,80 kg,Dark Brown,Grey,Sagittarius,Mumbai_Maharashtra_India,Indian,High School Graduate,Hinduism,,Reading Newspaper_Watching Movies with Family_Writing Poetry,Married,,₹6 crore,images/Suresh_Oberoi.jpg
Sumeet Raghavan,Sumeet Raghavan,22 April 1971,,175 cm,65 kg,Dark Brown,Black,Taurus,Mumbai_Maharashtra_India,Indian,Graduate,Hinduism,Non-Vegetarian,Singing,Married,,,images/Sumeet_Raghavan.jpg
Sunil Arora,Sunil Arora,13 April 1956,,170 cm,75 kg,Black,Grey,Aries,Hoshiarpur_Punjab_India,Indian,"• BA Honours in English,
• MA in English",Hinduism,,Reading_Writing,Not Known,"₹2,50,000",,images/Sunil_Arora.jpg
Sudheer Babu,Sudheer Babu,11 May 1977,,183 cm,80 kg,Black,Black,Taurus,Vijayawada_Andhra Pradesh,Indian,"BE, GMT and MBA",Hindu,,Playing badminton and gymming,Married,7 Crore/film (INR),Not Known,images/Sudheer_Babu.jpg
Sumanth,Sumanth,,,,,,,,,,,,,,,,,images/Sumanth.jpg
Sudhir Dalvi,Sudhir Dalvi,20 March 1939,,161 cm,65 kg,Black ,Black,Pieses,Mumbai, Indian,Graduate (Bachelor of Architecture),Hinduism,,,Married,,,images/Sudhir_Dalvi.jpg
Sudeep (Actor),Sudeep (Actor),2 September 1973,,185 cm,80 kg,Dark Brown,Black,Virgo,Bengaluru_Karnataka_India,Indian ,B.tech in Mechanical Engineering ,Hinduism,,Playing cricket,Divorced,6 crore/film (INR),Not Known,images/Sudeep_(Actor).jpg
Sundeep Kishan,Padam Sundeep Kishan,7 May 1987 (Thursday),,,,,,Taurus,Chennai,Indian,,Hinduism,"Non-Vegetarian,
",Travelling and Partying,Unmarried,,,images/Sundeep_Kishan.jpg
"Subbaraju Height,",Penmatsa Subbaraju,27 February 1977 (Sunday),,178 cm,65 kg,Black,Black,Pisces,Hyderabad_Telangana_India,Indian,B.Sc. in Mathematics,Hinduism,Vegetarian,Travelling_Gymming,Unmarried,,,"images/Subbaraju_Height,.jpg"
Sonu Sood,Sonu Sood,30 July 1973 ,,188 cm,80 kg,Brown,Black,Leo,Nagpur_Maharashtra_India,Indian ,"Electronic Engineer,
",Hinduism,,Kick-boxing _workout and playing guitar,Married,₹1-2 Crore ,Not Known,images/Sonu_Sood.jpg
Sonu Nigam,Sonu Nigam,"30 July 1973,
",,170 cm,65 kg,Dark Brown,Black,Leo,Delhi_India,Indian ,Graduate,Hinduism,,Gymming_Reading,Married,Rs. 5-7 Lakh/song,$8 million,images/Sonu_Nigam.jpg
Sooraj Pancholi,Sooraj Pancholi,5 July 1990,,,,Black,Black,Cancer,His ancestral background is Gujarat but his family is settled in Mumbai from many years. ,Indian ,12th Standard,Hindu,,Dancing_Martial Arts,Unmarried,Not Known,Not Known,images/Sooraj_Pancholi.jpg
Sohail Khan,Sohail Khan,20 December 1969,,177 cm,80 kg,Brown,Brown,Sagittarius,Mumbai_Maharashtra_India,Indian,Not Known,Islam,Non-Vegetarian,Playing Cricket and Gymming,Married,,₹68 Crore ($10 million),images/Sohail_Khan.jpg
Sikandar Kher,Sikandar Kher,31 October 1984,,188 cm,76 kg,Black,Black,Scorpio,Mumbai_Maharashtra_India,Indian ,Not Known,Hindu,,Travelling,Engaged,Not Known,Not Known,images/Sikandar_Kher.jpg
"Sivakarthikeyan Height,","Sivakarthikeyan Height,",17 February 1985,, 175 cm, 69 kg ,Brown,Black,Aquarius,Singampuneri_Sivagangai_Tamil Nadu,Indian,,Hinduism,,Dancing_singing,Married,,,"images/Sivakarthikeyan_Height,.jpg"
Soham Chakraborty,Soham Chakraborty,4 March 1984,,175 cm,75 kg,Dark Brown,Black,Pisces,Kolkata_India,Indian,Graduate,Hinduism,,Playing_Reading_Shopping,Married,,,images/Soham_Chakraborty.jpg
Sidhant Gupta,Sidhant Gupta,23 April 1989,,183 cm,77 kg,Brown,Black,Taurus,Jammu & Kashmir_India,Indian ,Not Known,Hindu,,Travelling and gymming,Unmarried,,,images/Sidhant_Gupta.jpg
Sidharth Malhotra,Sidharth Malhotra,16 January 1985,35 Years,185 cm,80 kg,Brown,Black,Capricorn,Delhi_India,Indian,B.Com (Hons.),Hinduism,Non-Vegetarian,Gymming_Drawing Cartoons,Unmarried,₹3-5 Crore/film,₹67 Crore ($10 Million),images/Sidharth_Malhotra.jpg
Sobhan Babu,Sobhan Babu,,,,,,,,,,,,,,,,,images/Sobhan_Babu.jpg
Shreyas Talpade,Shreyas Talpade,27 January 1976,,170 cm,71 kg,Black,Black,Capricorn,Mumbai_Maharashtra_India,Indian ,Graduate,Hinduism,,Travelling_Watching TV,Married,,,images/Shreyas_Talpade.jpg
Siddharth-Koirala,Siddharth-Koirala,,,,,,,,,,,,,,,,,images/Siddharth-Koirala.jpg
Shekhar Suman,Shekhar Suman,"7 December 1962 ,
",,173 cm,66 kg,Black,Black,Sagittarius,Kadam Kuan_Patna_Bihar_India,Indian ," Graduate in History,
",Hindu,,Power Yoga_exercise and Singing,Married,4 Lacs/ episode (INR),20 Crore (INR),images/Shekhar_Suman.jpg
Shashi Kapoor,Shashi Kapoor,18 March 1938,,175 cm,85 kg,Dark Brown,White,Pisces,Mumbai_Maharashtra_India,Indian,School Dropout,Hinduism,,Playing musical instruments_Listening to music_Watching movies,Widower,,₹500 Crore,images/Shashi_Kapoor.jpg
Sharad Kelkar,Sharad Kelkar,7 October 1976 ,,185 cm,81 kg,Black,Black,Libra,Gwalior_Madhya Pradesh_India,Indian ,MBA and Graduate in Physical Education,Hindu,,Playing basketball_Judo and cricket,Married,Not Known,Not Known,images/Sharad_Kelkar.jpg
Shatrughan Sinha,Shatrughan Sinha,9 December 1945,,183 cm,86 kg,Light Brown,Black,Sagittarius,Patna_Bihar,Indian,Course in Acting,Hinduism,,Listening to Music_Practising Yoga,Married,,INR 131 Crore (as in 2014),images/Shatrughan_Sinha.jpg
Shankar Mahadevan,Shankar Mahadevan,3 March 1967,, 168 cm, 80 kg, Black,Black,Pisces,Mumbai_Maharashtra,Indian ,Software Engineering,Hinduism,,Travelling,Married,,,images/Shankar_Mahadevan.jpg
Shammi Kapoor,Shamsher Raj Kapoor,21 October 1931,,180 cm,80 kg,Brown,Black,Libra,Kolkata (India),Indian ,Matric ,Hinduism,Non-Vegetarian,Playing musical instruments,Married,,Not Known,images/Shammi_Kapoor.jpg
Shah Rukh,Shah Rukh,2 November 1965 (Tuesday),,173 cm,75 kg,Dark Brown,Black,Scorpio,New Delhi_India,Indian,"• BA (Hons.) in Economics from Hans Raj College,
,
• Masters Degree in Mass Communications (Filmmaking) from Jamia Millia Islamia University",Islam ,Non-Vegetarian ,Playing Computer Games_Collecting Gadgets_Playing Cricket,Married,₹45 crore/film,"₹3780 crores,
$600 million",images/Shah_Rukh.jpg
Shahid Kapoor,Shahid Kapoor,25 February 1981,,172 cm,70 kg,Black,Black,Pisces,Mumbai_Maharashtra_India,Indian,Graduate,Hinduism,Vegetarian,Reading_Dancing,Married,₹10 Crore/film,₹186 Crores,images/Shahid_Kapoor.jpg
Sharman Joshi,Sharman Joshi,28 April 1979 ,,178 cm,68 kg,Black,Black,Taurus,Mumbai_Maharashtra_India,Indian ,Not Known,Hindu,,Travelling_watching movies_reading and playing sports,Married,Not Known,$15 million,images/Sharman_Joshi.jpg
Sayaji Shinde,Sayaji Shinde,13 January 1959,,170 cm,65 kg,Dark Brown,Black,Capricorn,Satara_Maharashtra_India,Indian,Bachelor of Arts,Hinduism,,Reading,Married,,,images/Sayaji_Shinde.jpg
Satish Shah,Satish Ravilal Shah,25 June 1951,,178 cm,90 kg,Black,Grey,Cancer,Mandvi_Kutch_Gujarat, Indian,Not Known,Hinduism,,,Married,,₹5.5 Crore,images/Satish_Shah.jpg
Sarath Kumar,Ramanathan Sarath Kumar,14 July 1954,,177 cm,70 kg,Brown,Black,Cancer,Thalakavur_Sivaganga_Chennai,Indian,BSc. (Mathematics),Hinduism,,Reading Books_Doing Workout_Playing Football,Married,,$20 Million,images/Sarath_Kumar.jpg
Sarfaraz Khan,Sarfaraz Khan,27 October 1997,,165 cm,64 kg,Black,Black,Scorpio,Mumbai_Maharashtra_India,Indian,Not Known,Islam,,Listening music,Unmarried,Not Known,Not Known,images/Sarfaraz_Khan.jpg
"Santhanam Height,","Santhanam Height,",21 January 1980,, 170 cm, 63 kg ,Brown,Black,Aquarius,Pozhichalur_Chennai_Tamil Nadu_India,Indian,,Hinduism,,Singing,Married,,,"images/Santhanam_Height,.jpg"
Sathyaraj (Kattappa),Sathyaraj (Kattappa),3 October 1954,,183 cm,85 kg,Dark Brown,Salt & Pepper (Semi-bald),Libra,Coimbatore_Tamil Nadu_India,Indian ,Bachelor Degree in Botany,Hinduism,,,Married ,40-50 lakh/film (INR),,images/Sathyaraj_(Kattappa).jpg
Sanjay Dutt,Sanjay Balraj Dutt,29 July 1959,,183 cm,85 kg,Dark Brown,Salt & Pepper,Leo,Mumbai_Maharashtra_India,Indian,Not Known,Hinduism,Non-Vegetarian,Playing the Guitar_Photography_Cooking_Doing Workouts_Horse Riding,Married,₹5-6 Crore/Film,₹65 Crore (as in 2014),images/Sanjay_Dutt.jpg
Sanjay Kapoor,Sanjay Kapoor,17 October 1960,,175 cm,70 kg,Dark Brown,Black,Libra,Mumbai_Maharashtra_India,Indian,Not Known,Hinduism,,Doing Yoga_Travelling_Listening to Music,Married ,Not Known,Not Known,images/Sanjay_Kapoor.jpg
Sanjay Khan,Sanjay Khan,3 January 1941,,180 cm,85 kg,Dark brown,Salt and pepper (Dyed black),Capricorn ,Banglore_India,Indian,High school graduate,Islam,,Horse riding_reading_collecting cars and travelling,Married,,,images/Sanjay_Khan.jpg
Sanjay Suri,Sanjay Suri,6 April 1971,, 175 cm, 73 kg ,Brown,Dark Brown,Aries,Srinagar_Jammu & Kashmir_India,Indian,,Hinduism,,Travelling_photography,Married,,,images/Sanjay_Suri.jpg
Sandeep Kulkarni,Sandeep Kulkarni,16 November ,,,70 kg,Brown,Black,Scorpio,Pune_Maharashtra,Indian,Bachelor of Fine Arts,Hinduism,,Painting_Travelling,Married,,,images/Sandeep_Kulkarni.jpg
Salman Khan,Abdul Rashid Salim Salman Khan ,27 December 1965 ,,,,Brown,Black,Capricorn,Mumbai (he spent his childhood at 21_Palasia in Indore & Gwalior) ,Indian ,College Drop-Out ,He identifies himself as both Hindu and Muslim; he says “I’m Hindu and Muslim both. I’m Bharatiya (an Indian). My father is Muslim and my mother is Hindu.” ,Non-Vegetarian ,Swimming ,Unmarried,₹60 crore/film ,$300 Million (₹1950 Crore) ,images/Salman_Khan.jpg
Sajid Khan,Sajid Khan,23 November 1970,,178 cm,87 kg,Black,Black,Sagittarius,Mumbai_Maharashtra_India,Indian,Graduate,Islam,,Watching movies_Cracking jokes,Unmarried,,,images/Sajid_Khan.jpg
Salim Khan,Abdul Salim Khan ,25 November 1936 ,,175 cm,80 kg,Light Brown,Salt & pepper,Sagittarius,Indore_Madhya Pradesh_India,Indian,M.A.,Islam,,Watching Cricket_Reading,Married,,$20 Million,images/Salim_Khan.jpg
Sara Ali,Sara Ali,12 August 1993,,165 cm,50 kg,Dark Brown,Black,Leo,Mumbai_Maharashtra_India,Indian,Graduation in History and Political Science,Islam,Non-Vegetarian,Travelling_Playing Tennis_Dancing,Unmarried,,,images/Sara_Ali.jpg
Sai Dharam,Sai Dharam Tej,15 October 1986,,-180 cm,-70 kg,Brown,Black,Libra,Hyderabad_Telangana_India,Indian,,Hinduism,,Playing cricket_Travelling,Unmarried,,,images/Sai_Dharam.jpg
Samir Soni,Samir Soni,29 September 1970 ,,175 cm,75 kg,Brown,Black,Libra,Delhi_India,Indian,Graduate,Hinduism,,Reading_Writing_Watching Movies_Travelling,Married,,,images/Samir_Soni.jpg
Saif Ali,Saif Ali,16 August 1970,,173 cm,,Brown,Black,Leo,Mumbai_Maharashtra_India,Indian ,Graduate,Islam,Non-Vegetarian,Reading Novels_Playing the Guitar_Travelling_Fishing_Trekking,Married,Rs. 21 Crore (as in 2016),Rs. 940 Crore ($140 Million),images/Saif_Ali.jpg
Sachin Khedekar,Sachin Khedekar,14 May 1965,,178 cm,79 kg,Dark Brown,White,Taurus,Mumbai_Maharashtra,Indian,Not Known,Hinduism,,,Married,,,images/Sachin_Khedekar.jpg
Saeed Jaffrey,Saeed Jaffrey,,,,,,,,,,,,,,,,,images/Saeed_Jaffrey.jpg
Sachin Pilgaonkar,Sachin Pilgaonkar,12 August 1957,, 165 cm, 67 kg,Dark Brown,Black,Leo,Mumbai_Maharashtra_India,Indian,Not Known,Hinduism,,Dancing_singing,Married,,,images/Sachin_Pilgaonkar.jpg
S. Shankar,Shankar Shanmugam,17 August 1963,,175 cm,85 kg,Black,Black,Leo,Kumbakonam_Tamil Nadu,Indian,Diploma in Mechanical Engineering ,Hinduism,,Listening to Music_Watching Movies_Travelling,Married,,₹116 Crore,images/S._Shankar.jpg
Riteish Deshmukh,Riteish Vilasrao Deshmukh,17 December 1978,,180 cm,75 kg,Dark Brown,Black,Sagittarius,Mumbai_Maharashtra_India,Indian,Degree in Architecture,Hinduism,Non-Vegetarian,Playing Cricket_Singing,Married,₹4-5 crore/film ,$30 million,images/Riteish_Deshmukh.jpg
Riyaz Khan,Riyaz Khan,9 September 1972,, 170 cm, 75 kg,Brown,Black,Virgo,Chennai_Tamil Nadu_India,Indian,Not Known,Islam,,Not Known,Married,,,images/Riyaz_Khan.jpg
Ronit Roy,Ronit Roy,"11 October 1965 ,
",,173 cm,75 kg,Brown,Black,Libra, Ahmedabad_Gujarat,Indian ,Hotel management,Hindu,,Internet surfing and learning new things,Married,1.25 lacs /episode (INR),Not Known,images/Ronit_Roy.jpg
Rohit Roy,Rohit Roy,5 April 1968,, 178 cm, 75 kg,,,Aries,Ahmedabad_Gujarat_India,Indian,,Hinduism,,Dancing_Playing Cricket_Watching Films,Married,,,images/Rohit_Roy.jpg
Raza Murad,Raza Murad,23 November 1950,, 191 cm, 98 kg,Brown,Salt & Pepper,Sagittarius,Rampur_Uttar Pradesh_India,Indian,,Islam,,Singing,Married,,,images/Raza_Murad.jpg
Rishi Kapoor,Rishi Raj Kapoor,4 September 1952,,173 cm,90 kg,Dark Brown,Black,Virgo,Mumbai_Maharashtra_India,Indian,8th Fail,Hinduism,Non-Vegetarian,Collecting Sweaters ,Married,,₹ 275 Crore ($40 million),images/Rishi_Kapoor.jpg
Ravi Teja,Ravi Teja,26 January 1968,,178 cm,70 kg,Brown,Black,Aquarius,Vijayawada_Andhra Pradesh_India,Indian ,Bachelor of Arts,Hindu,,Watching films and Travelling,Married,7 Crore/film (INR),60 Crore (INR),images/Ravi_Teja.jpg
Ravichandran Ashwin,Ravichandran Ashwin,17 September 1986,,188 cm,75 kg,Black,Black,Virgo,Chennai_Tamil Nadu_India,Indian,B.Tech in Information Technology (IT) ,Hinduism,,Reading_Watching movies_tennis_basket ball & football,Married," ₹5 crore ,
, ₹15 lakh ,
, ₹6 lakh ,
, ₹3 lakh,
, ₹7.6 crore",,images/Ravichandran_Ashwin.jpg
Ranvir Shorey,Ranvir Shorey,18 August 1972,, 183 cm, 78 kg,,,Leo,Jalandhar_Punjab_India,Indian,,Hindu,,Not Known,Married,,,images/Ranvir_Shorey.jpg
Ravi Shankar,Ravi Shankar,"Year, 1986",,,,,,,Mumbai_India,Indian,,Hinduism,,,Unmarried,,,images/Ravi_Shankar.jpg
Ravi Kishan,Ravi Kishan Shukla,17 July 1971,,178 cm,80 kg,Brown,Black,Cancer,Barain_Jaunpur_Uttar Pradesh_India,Indian ,B.Com,Hinduism,,Dancing,Married,20-30 Lakh/film (INR),Rs. 14 Crore (as in 2014),images/Ravi_Kishan.jpg
Ram Pothineni,Ram Pothineni,15 May 1988,, 173 cm, 65 kg ,Dark Brown,Black,Taurus,Hyderabad_Telangana_India,Indian,,Hinduism,,Watching TV_dancing,Unmarried,4 crore/film (INR),Not Known,images/Ram_Pothineni.jpg
Ranveer Singh,Ranveer Singh Bhavnani,6 July 1985,,178 cm,75 kg,Dark Brown,Black,Cancer,Mumbai_Maharashtra_India,Indian,"Bachelor of Arts degree from Indiana University, USA",Hinduism,Non-Vegetarian,Collecting Shoes & Hats_Playing and Watching Football_Playing Video Games,Married,₹10 crore/Film,$15 million,images/Ranveer_Singh.jpg
Randhir Kapoor,Randhir Kapoor,15 February 1947,,178 cm,90 kg,Hazel,Salt & pepper,Aquarius,Mumbai_India, Indian,High school graduate,Hinduism,,,Married,,$30 million,images/Randhir_Kapoor.jpg
Ranjeet (Actor),Ranjeet (Actor),12 November 1946,,175 cm,74 kg,Black,Black,Scorpio,Jandiala Guru_Amritsar_Punjab,Indian ,Bachelor of Arts,Hinduism,,Not Known,Married,,,images/Ranjeet_(Actor).jpg
Ramesh Deo,Ramesh Deo,30 January 1929,,172 cm,70 kg,Dark Brown,White,Aquarius,Kolhapur_Maharashtra., Indian,School Dropout,Hindu,,Reading,Married,,,images/Ramesh_Deo.jpg
Rajpal Yadav,Rajpal Yadav,16 March 1971,,161 cm,58 kg,Black,Black,Pisces,Shahjahanpur_Uttar Pradesh_India,Indian ,Theatre Course,Hindu,,Theatre,Married,50 Lacs/film (INR),Not Known,images/Rajpal_Yadav.jpg
Raju Srivastav,Raju Srivastav,25 December 1963,, 170 cm,70 kg,Dark Brown,Black,Capricorn,Kanpur_India,Indian,Not Known,Hinduism,,Dancing_Travelling,Married, 4-5 Lakh INR/Act,$2 Million,images/Raju_Srivastav.jpg
Rajiv Kanakala,Rajiv Kanakala,13 November,,175 cm,75 kg,Brown,Black,Scorpio,Hyderabad_Telangana_India,Indian,,Hinduism,,Reading books_Playing cricket,Married,,,images/Rajiv_Kanakala.jpg
Rakesh Roshan,Rakesh Roshan,6 September 1949 ,,175 cm,85 kg,Hazel Green,N/A (Bald),Virgo,Mumbai_Maharashtra_India,Indian ,N/A,Hinduism,,cooking,Married,,Not Known,images/Rakesh_Roshan.jpg
Ram Kapoor,Ram Kapoor,1 September 1973,, 175 cm, 96 kg,,,Virgo,Usai_Maharashtra,Indian,,Hindu,,Swimming_Dancing,Married,1.25 lakh/episode (INR),Not Known,images/Ram_Kapoor.jpg
"Rajinikanth Age,","Rajinikanth Age,",12 December 1950,,173 cm,75 kg,Dark Brown,White (Semi-bald),Sagittarius,Bengaluru_Karnataka_India,Indian,Diploma in Acting ,Hinduism ,,Travelling_Reading_Gardening,Married,₹40-45 crore/film ,$55 million,"images/Rajinikanth_Age,.jpg"
Rajesh Khattar,Rajesh Khattar,24 September 1966 (Saturday),,175 cm,70 kg,Black,Black,Libra,Mumbai_Maharashtra,Indian,Graduation,Hinduism,"Non-Vegetarian,
",Travelling and Reading,Married,,,images/Rajesh_Khattar.jpg
Rakesh Bedi,Rakesh Bedi,1 December 1954,,163 cm,80 kg ,Brown,Salt & Pepper,Sagittarius,New Delhi_India,Indian,,Hinduism,,Not Known,Married,,,images/Rakesh_Bedi.jpg
Raj Kapoor,Raj Kapoor,14 December 1924,,170 cm,85 kg,Hazel,Grey ,Sagittarius,Peshawar (Pakistan) ,Indian,6th Fail,Hinduism,,,Married,,,images/Raj_Kapoor.jpg
Raj Babbar,Raj Babbar,23 June 1952,,173 cm,75 kg,Black,Black,Cancer,Tundla_Uttar Pradesh_India,Indian,Graduate in Theatre from National School of Drama,Hinduism,Non-Vegetarian,Reading_Travelling,Married,"₹50,000 + other incentives",₹20 Crore (as in 2014),images/Raj_Babbar.jpg
Rajendra Kumar,Rajendra Kumar,,,,,,,,,,,,,,,,,images/Rajendra_Kumar.jpg
Rajat Barmecha,Rajat Barmecha,24 April 1989,, 173 cm, 63 kg,,,Taurus,Delhi_India,Indian,,Hindu,,Dancing,Unmarried,,,images/Rajat_Barmecha.jpg
Rahul Roy,Rahul Roy,9 February 1968 (Friday), 52 Years,178 cm,,Black,Black,Aquarius,New Delhi,Indian,B. Com ,,,Swimming_Playing Cricket_and Reading Books,Divorced,,,images/Rahul_Roy.jpg
Rahul Bose,Rahul Bose,27 July 1967,,168 cm,61 kg,Dark Brown,Black,Leo,Mumbai_Maharashtra,Indian,Not Known,Hinduism,,Reading_Watching Cricket,Unmarried,,,images/Rahul_Bose.jpg
Rahul Dev,Rahul Dev,"September 27, 1968",,180 cm,70 kg,Dark Brown,Brown,Libra,New Delhi_India,Indian ,Not Known,Hindu,,Exercising,Widower,Not Known,Not Known,images/Rahul_Dev.jpg
Raghubir Yadav,Raghubir Yadav,"25 June 1957,
",,161 cm,60 kg,Dark Brown,Black,Cancer,Jabalpur_Madhya Pradesh_India,Indian,A Masters Degree in Theatre,Hinduism,,Playing flute,Divorced,1.25 lakh/month (INR),,images/Raghubir_Yadav.jpg
Raghu Babu,Raghu Babu,24 June 1964,,-178 cm,-85 kg,Brown,Black,Cancer,Ravinuthala_Prakasam District_Andhra Pradesh_India,Indian,,Hinduism,,Travelling,Married,,,images/Raghu_Babu.jpg
Raaj Kumar,Raaj Kumar,8 October 1926 (Friday),,178 cm,,Dark Brown,Salt & Pepper,Libra,Mumbai,Indian,,Hinduism,Non-Vegetarian ,Trekking_Playing Golf_Horse Riding_Listening to Classical Music and Ghazals ,Married,,,images/Raaj_Kumar.jpg
R. Madhavan,Madhavan Balaji Ranganathan,1 June 1970 (Monday),,179 cm,75 kg,Light Brown,Black,Gemini,Tamil Nadu_India,Indian,"• B.Sc. in Electronics,
• Post-Graduation in Public Speaking",Hinduism,Vegetarian,Playing Golf_Biking,Married,,,images/R._Madhavan.jpg
Prithviraj Sukumaran,Prithviraj Sukumaran,16 October 1982,,181 cm,77 kg,,,Libra,Thiruvananthapuram_Kerala_India,Indian,,Hindu,,Traveling_photography_reading,Married,,,images/Prithviraj_Sukumaran.jpg
Puneet Issar,Puneet Issar,6 November 1959 (Friday),,191 cm,,Brown,Bald,Scorpio,Amritsar_Punjab_India,Indian,Graduate,Hinduism,,Reading_Travelling,Married,,,images/Puneet_Issar.jpg
Prem Chopra,Prem Chopra,23 September 1935,, 180 cm, 85 kg ,Dark Brown,N/A (Bald),Virgo,Shimla_Himachal Pradesh_India,Indian,,Hinduism,,Not Known,Married,,,images/Prem_Chopra.jpg
Prem Kumar,Prem Kumar Dhumal,10 April 1944,,173 cm,65 kg,Brown,Semi Bald (Salt & Pepper),Aries,Hamirpur,Indian,Masters in Arts,Hinduism,,,Married,,INR 2 Crore (as in 2012),images/Prem_Kumar.jpg
Prateik Babbar,Prateik Babbar,28 November 1986 ,,178 cm,75 kg,Black,Black,Sagittarius,Mumbai_Maharashtra_India,Indian,Bachelor of Arts ,Hinduism,,Travelling_Hanging Out With Friends,Married,,,images/Prateik_Babbar.jpg
Pradeep Pandey,Pradeep Pandey,9 December 1992,, 175 cm, 70 kg,Brown,Black, Sagittarius,Kandivali_Mumbai_India,Indian,Graduate,Hinduism,,Dancing,Unmarried,,,images/Pradeep_Pandey.jpg
Prakash Raj,Prakash Raj,26 March 1965,,175 cm,80 kg,Brown,Black,Aries,Bengaluru_Karnataka_India ,Indian ,Not Known,Hinduism,,Photography,Married,1.5 Crore/film (INR) ,150 Crore (INR) ,images/Prakash_Raj.jpg
Pawan Kalyan,Pawan Kalyan,2 September 1971,,178 cm,70 kg,Black,Black,Virgo,Hyderabad_Telangana_India,Indian ,Not Known,Hindu,,Reading and gardening,Married,18 Crore/film (INR),$ 15 million,images/Pawan_Kalyan.jpg
Pradeep Kumar,Pradeep Kumar,Year 1987,,178 cm,82 kg,Dark Brown,Black,Not Known,Vijayawada_Andhra Pradesh_India,Indian,B.Sc Computers,Hinduism,,Dancing_photography_story writing,Married,,,images/Pradeep_Kumar.jpg
Prabhu Deva,Prabhu Deva,3 April 1973 (Tuesday),,182 cm,,Black,Black,Aries,Mysore_Karnataka,Indian,School Dropout,Hinduism ,Vegetarian ,,Divorced,,,images/Prabhu_Deva.jpg
Pranab Mukherjee,Pranab Mukherjee,11 December 1935,,163 cm,70 kg,Black,Black,Sagittarius.,Mirati_West Bengal,Indian ,"L.L.B and M.A in Political Science and in History as well, all from University of Calcutta,
",Hinduism,,Reading_Gardening and Music,Married,1.5 Lakh Rupee per month ($2200 per month),3 Crore Indian Rupee,images/Pranab_Mukherjee.jpg
Parvin Dabas,Parvin Dabas,12 July 1974,,178 cm,75 kg,Dark Brown,Black,Cancer,Delhi_India,Indian,Graduate,Hinduism,,Photography,Married,,,images/Parvin_Dabas.jpg
Piyush Mishra,Piyush Mishra,13 January 1963,,163 cm,60 kg,Dark Brown,White,Capricorn,Gwalior_Madhya Pradesh,Indian,Graduate in Acting,Hinduism,,,Married,,,images/Piyush_Mishra.jpg
Pankaj Tripathi,Pankaj Tripathi,5 September 1976,,178 cm,70 kg,Dark Brown,Black,,Gopalganj_Bihar, Indian,Graduation in Drama from National School of Drama (NSD) in 2004,Hinduism,,Cooking_Reading_Travelling_Listening to Music,Married,,,images/Pankaj_Tripathi.jpg
Parmeet Sethi,Parmeet Sethi,14 October 1961,,178 cm,80 kg,Dark Brown,Black,Libra,New Delhi_India,Indian,Bachelor of Commerce,Sikhism,,Reading_Driving,Married,,,images/Parmeet_Sethi.jpg
Omkar Kapoor,Omkar Kapoor,Not Known,,173 cm,74 kg,Black,Black,Not Known,Mumbai_Maharashtra_India,Indian ,Bachelor of Commerce ,Hindu,,Not Known,Unmarried,Not Known,Not Known,images/Omkar_Kapoor.jpg
Paresh Rawal,Paresh Rawal,30 May 1950,,173 cm,78 kg,Dark Brown,Salt & Pepper,Gemini,Gandhinagar_Gujarat_India ,Indian ,Commerce Graduate from Bombay University in March 1974,Hinduism,,Reading_Traveling_Listening to Music_Doing Yoga,Married,Not Known,79.40 Crore INR (as in 2014),images/Paresh_Rawal.jpg
Om Prakash,Om Prakash,1 January 1935,,,,Hazel Brown,Salt & Pepper ,Capricorn,Chautala_Sirsa_Haryana_India,Indian,10th Pass ,Hinduism ,,Reading_Listening to Music,Married,,₹15.5 Crore (as of 2009),images/Om_Prakash.jpg
Pasupathy (Actor),Pasupathy Ramasaamy Solai,18 May 1969,,-175 cm,-70 kg,Dark Brown,Black,Taurus,Chennai_Tamil Nadu_India,Indian,,Hinduism,,Reading_travelling,Married,,,images/Pasupathy_(Actor).jpg
Om Puri,Om Puri,18 October 1950,,170 cm,82 kg,Dark Brown,White,Libra,Mumbai_Maharashtra_India,Indian ,Graduate in Acting,Hinduism,,Travelling,Separated,15-25 lakh/film (INR),$20 million,
Parikshit Sahni,Parikshit Sahni,1 January 1944,,170 cm,75 kg,Dark brown,Salt & pepper,Capricorn,Shantiniketan_West Bengal, Indian,Graduate,Hindu,,Painting_listening to music_writing_reading,Married,,,images/Parikshit_Sahni.jpg
Nandish Sandhu,Nandish Sandhu,25 December 1981,,183 cm,77 kg,Dark Brown,Black,Capricorn,Dholpur_Rajasthan_India,Indian ,Degree in Hotel Management,Sikh ,,Dancing_riding_photography_swimming_travelling_cooking_gaming_playing cricket,Divorced,,,images/Nandish_Sandhu.jpg
N. T.,Nandamuri Taraka Rama Rao,28 May 1923,,,,Black,Grey,Gemini,Nimmakuru_Madras Presidency_British India (Now in Andhra Pradesh_India),Indian,Bachelors of Arts,Hinduism,,,Married,,Not Known,images/N._T..jpg
Nivin Pauly,Nivin Pauly,11 October 1984,, 175 cm, 77 kg,,,Libra,Kochi_Kerala_India,Indian,,Christian,,Reading_traveling,Married,,,images/Nivin_Pauly.jpg
Ninad Kamat,Ninad Kamat,19 August,,168 cm,80 kg,Dark Brown,Black,Leo,Mumbai_India,Indian,,Hinduism,,,Married,,,images/Ninad_Kamat.jpg
Neil Nitin,Neil Nitin,15 January 1982,,172 cm,69 kg,Dark brown,Brown,Capricorn,Mumbai_Maharashtra_India,Indian ,Bachelor of Commerce,Hinduism,,Singing and playing piano,Married,Not Known,Not Known,images/Neil_Nitin.jpg
N. T.,Nandamuri Taraka Rama Rao Jr.,20 May 1983,, 175 cm, 78 kg ,Black,Black,Taurus,Hyderabad_Telangana_India,Indian,,Hinduism,,Cooking_Dancing_Singing_Reading,Married,13-15 crore/film (INR),$2 million,images/N._T..jpg
Nassar (Actor),Nassar (Actor),5 March 1958,, 173 cm, 75 kg ,Brown,Salt & Pepper,Pisces,Chennai_Tamil Nadu_India,Indian,,Islam,,Singing,Married,,,images/Nassar_(Actor).jpg
Navdeep (Actor),Navdeep Pallapolu,26 January 1986,, 175 cm, 75 kg,Hazel,Black,Aquarius,Hyderabad_Telangana_India,Indian,Not Known,Hinduism,,Reading books_driving,Unmarried,,,images/Navdeep_(Actor).jpg
Nawazuddin Siddiqui,Nawazuddin Siddiqui,19 May 1974,,168 cm,,Dark Brown,Black,Taurus,Budhana_Muzaffarnagar_Uttar Pradesh_India,Indian,Bachelor of Science in Chemistry,"Islam,
,
, He considers himself not just a Muslim, but a bit of all religions. ",Non-Vegetarian,Flying Kites_Watching Films_Farming,Married,,,images/Nawazuddin_Siddiqui.jpg
Narain (Actor),Narain (Actor),7 October 1979,, 173 cm, 62 kg ,Black,Black,Libra,Chennai_Tamil Nadu_India,Indian,,Hinduism,,Reading books,Married,,,images/Narain_(Actor).jpg
Naseeruddin Shah,Naseeruddin Shah,20 July 1949,,170 cm,71 kg,Dark Brown,White,Leo,Barabanki_Uttar Pradesh_India,Indian,Graduate in Arts,Islam,,Playing Tennis_Reading,Married,,,images/Naseeruddin_Shah.jpg
Nana Patekar,Nana Patekar,1 January 1951,,170 cm,70 kg,Dark Brown,Salt & Pepper,Capricorn,Mumbai_Maharashtra_India,Indian,A Commercial Arts diploma from J J School of Arts,Agnostic,Non-Vegetarian,Cooking_Doing Philanthropy,Separated,₹4 Crore/Film,Not Known,images/Nana_Patekar.jpg
Naresh Agarwal,Naresh Chandra Agarwal,1 October 1951,,,,Black,Salt and Pepper,Libra,Hardoi district_Uttar Pradesh_India,Indian,"B.Sc. from Lucknow University, Lucknow,
LL.B. from Lucknow University, Lucknow",Hinduism,,Playing Cricket and Hockey,Married,,₹3 Crore,images/Naresh_Agarwal.jpg
Nani (Actor),Nani (Actor),24 February 1984,, 175 cm,65 kg ,Dark Brown,Black,Pisces,Hyderabad_Telangana_India,Indian,,Hinduism,,Travelling,Married,₹6 crore/film,Not Known,images/Nani_(Actor).jpg
Naga Chaitanya,Naga Chaitanya,3 November 1986,,175 cm,74 kg,Black,Black,Sagittarius,Chennai_Tamil Nadu_India,Indian,Bachelor of Commerce,Hinduism,,Playing Keyboard & Bass Guitar_Travelling,Married,,,images/Naga_Chaitanya.jpg
Nagesh Bhosle,Nagesh Bhosle,7 August 1960,,175 cm,75 kg,Dark Brown,Black,Leo,Nagpur_Maharashtra_India,Indian,Graduate,Hinduism,,Travelling_Singing_Watching Films_Writing,Married,,,images/Nagesh_Bhosle.jpg
Mukul Dev,Mukul Dev Kaushal,30 November 1970,,173 cm,70 kg,Dark Brown,Dark Brown,Sagittarius,Delhi_India,Indian,Certificate in Aeronautics,Hinduism,Non-Vegetarian,Listening to Music_Horse-riding_Travelling_Watching Movies_Hanging out,Divorced,,,images/Mukul_Dev.jpg
Mohit Raina,Mohit Raina,14 August 1982,,180 cm,78 kg,Brown,Black,Leo,Kashmir_India,Indian ,Bachelor of Commerce,Hinduism,,Meditation_Playing Snooker_Reading_Gymming,Unmarried,₹1 lakh/day ,,images/Mohit_Raina.jpg
Mukesh Khanna,Mukesh Khanna,19 June 1958 (Thursday),,185 cm,,Black,Salt & Pepper,Gemini,Mumbai_India,Indian,"• B.Sc.,
• Master of Laws,
• An acting course from the FTII",Hinduism,,,Unmarried,,,images/Mukesh_Khanna.jpg
Mohit Marwah,Mohit Marwah,26 August 1984,,185 cm,80 kg,Dark Brown,Black,Virgo,New Delhi_India,Indian,Graduate,Hinduism,,Travelling_Workouts_Watching cricket & badminton,Married,,,images/Mohit_Marwah.jpg
Mukesh Ambani,Mukesh Dhirubhai Ambani,19 April 1957,63 Years,169 cm,,Dark Brown,Black,Aries,Mumbai_India,Indian ,"BE degree in Chemical Engineering,
MBA from Stanford University (discontinued)",Hinduism,,Reading_Hanging out with friends_Watching movies_Jungle adventure_Listening to old Hindi songs_swimming_doing long-walks,Married,,$49.2 billion (as in 2020) ,images/Mukesh_Ambani.jpg
Mohan Joshi,Mohan Sirish Joshi,4 September 1945 (Tuesday), 74 Years,178 cm,,Black,Salt & Pepper,Virgo,Bangalore,Indian,Bachelor of Commerce ,,,,Married,,,images/Mohan_Joshi.jpg
Mithun Chakraborty,Mithun Chakraborty,16 June 1950,,183 cm,72 kg,Black,Black,Gemini,Barisal_East Pakistan now Bangladesh,Indian ,Graduation,Hinduism,,Dancing_Sportive Activities,Married,15 Crore INR/Movie,$40 Million,images/Mithun_Chakraborty.jpg
"Mohanlal Height,","Mohanlal Height,",21 May 1960,, 172 cm, 82 kg,,,Taurus,Kochi_Kerala_India,Indian,,Hindu,,Collecting antiques & artifacts,Married,2 to 3 Crore/film (INR),Not Known,"images/Mohanlal_Height,.jpg"
Milind Soman,Milind Usha Soman,4 November 1965,,180 cm,75 kg,Brown,Salt & Pepper,Scorpio,Mumbai_Maharashtra_India,Indian,Diploma in Electrical Engineering,Hinduism,Non-Vegetarian,Swimming_Running_Travelling_Kickboxing,Married,,₹$20 million (as in 2018) ,images/Milind_Soman.jpg
Manoj Tiwari,Manoj Tiwari,1 February 1973,,170 cm,78 kg,Black,Black,Aquarius,Atarwalia_Bihar_India,Indian ,M.P.Ed From Banaras Hindu University (BHU) Varanasi UP in 1994,Hinduism,,Singing and playing cricket,Divorced,Rs. 1 Lakh + Other Allowances,Rs. 24 Crore (as in 2019),images/Manoj_Tiwari.jpg
Manoj Kumar,Manoj Kumar,24 July 1937,,178 cm,85 kg,Black,Salt & Pepper ,Cancer,Delhi_India,Indian ,Graduation,Hinduism,,Listening to music_Singing,Married,,,images/Manoj_Kumar.jpg
Manoj Bajpayee,Manoj Bajpayee,23 April 1969,,175 cm,68 kg,Black,Black,Taurus,His ancestry belonging is a small village called Belwa on the border of Nepal near the town Narkatiaganj in West Champaran_Bihar.,Indian ,"Graduate in History,
Drama",Hinduism,,Theatre plays,Married,4 Crore (INR),Not Known,images/Manoj_Bajpayee.jpg
Manoj Joshi,Manoj Joshi,3 September 1965,,170 cm,80 kg,Dark Brown,Black,Virgo,Adpodra_Gujarat_India,Indian,A Diploma in Commercial Art,Hinduism,Vegetarian,Listening to Music and Watching TV,Married,,Not Known,images/Manoj_Joshi.jpg
Mahesh Babu,Mahesh Babu,9 August 1975,,188 cm,70 kg,Brown,Black,Leo,Chennai_Tamil Nadu_India,Indian ,Bachelor of Commerce ,Hindu,,Reading_jogging_playing video games,Married,20 Crore/film (INR),$ 20 million,images/Mahesh_Babu.jpg
Mammootty (Actor),Mammootty (Actor),7 September 1951,,178 cm,85 kg,Ligh Brown,Black,Virgo,Chempu_Kottayam_Kerala_India,Indian,LLB ,Islam,,Writing,Married,3 Crore/film (INR),Not Known,images/Mammootty_(Actor).jpg
Madhu Chopra,Madhu Akhouri Chopra,16 June 1958 (Monday),,160 cm,,Dark Brown,Brown,Gemini,Mumbai_Maharashtra_India,Indian,Not Known,Hinduism,Non-Vegetarian,Travelling_Singing,Widow (Her husband died in 2013),,,images/Madhu_Chopra.jpg
Lokesh Kumari,Lokesh Kumari,24 March 1991,, 155 cm,68 kg,,,Aries,Delhi,Indian,,Hinduism,,Dancing_Singing_Travelling,Unmarried,,,images/Lokesh_Kumari.jpg
Lucky Ali,Lucky Ali,19 September 1958,,175 cm,75 kg,Moss Green,Salt & Pepper,Virgo,Mumbai_Maharashtra_India,Indian,Not Known,Islam,,Reading_Farming,Married,,,images/Lucky_Ali.jpg
Lekh Tandon,Lekh Tandon,13 February 1929,,165 cm,80 kg,Dark Brown,White,Aquarius,Lahore_Pakistan,Indian,,Hinduism,,Reading_Playing Video Games,Widower,,,images/Lekh_Tandon.jpg
Kunal Singh,Kunal Singh,5 March 1993,, 173 cm, 75 kg,Black,Black,Pisces,Delhi_India,Indian,,Hindu,,Gymming,Unmarried,,,images/Kunal_Singh.jpg
Kunal Khemu,Kunal Khemu,25 May 1983,,168 cm,65 kg,Dark Brown,Black,Taurus,Mumbai_India,Indian,Graduation,Hinduism,Non-Vegetarian,Travelling_Cooking,Married,₹1-2 crore/film,$3 million,images/Kunal_Khemu.jpg
Luv Sinha,Luv Sinha,5 June 1983,,175 cm,70 kg,Black,Black,Gemini,Mumbai_Maharashtra_India,Indian,,Hinduism,Non-Vegetarian,Traveling,Unmarried,,,images/Luv_Sinha.jpg
Kunaal Roy,Kunaal Roy,13 January 1979,,180 cm,85 kg,Dark Brown,Black,Capricorn,Mumbai_Maharashtra_India,Indian ,Graduate,Hinduism,,Photography_doing theatre plays_swimming,Married,,,images/Kunaal_Roy.jpg
Kunal Kapoor,Kunal Kapoor,18 October 1977 ,,191 cm,88 kg,Dark Brown,Black,Libra,Amritsar_Punjab_India,Indian,,Hinduism,,Writing_Racing_Skydiving_Travelling_Photography,Married,₹2-3 Crore/film,$4 million,images/Kunal_Kapoor.jpg
Kumar Gaurav,Kumar Gaurav,11 July 1960,,173 cm,,Brown,Black,Cancer,Lucknow, Indian,High School,Hinduism,,,Married,₹6 Crore,₹68 Crore,images/Kumar_Gaurav.jpg
Kulbhushan Kharbanda,Kulbhushan Kharbanda,21 October 1944,,170 cm,75 kg,Brown,White,Libra ,Punjab_India, Indian,Graduate,Sikhism,,Reading,Married,,,images/Kulbhushan_Kharbanda.jpg
Kishore Kumar,Kishore Kumar,4 August 1929,,173 cm,75 kg,Black,Black,Leo,Khandwa_Central Provinces (Now Madhya Pradesh)_British India,Indian,Graduate,Hinduism,,Reading Novels_Driving_Playing Table Tennis and Football,Married,Rs. 35000/song (as in 1960-1970),$1 million (as in 1980),images/Kishore_Kumar.jpg
Kishore Ajwani,Kishore Ajwani,Not Known,,178 cm,70 kg,Dark Brown,Brown,,New Delhi,Indian,"B.E. (Electronics Engineering),
Post Graduate Diploma in International Marketing,
Post Graduate Diploma in Communications",Not Known,,,Married,,,images/Kishore_Ajwani.jpg
Kay Kay,Kay Kay,2 October 1966,,1.86 cm,85 kg,Grey,Brown,Libra,Pune_Maharashtra (His ancestral background is from Kerala),Indian ,"Bachelors - Physics,
MBA - Marketing",Hindu,,Reading books_Acting,Married,Not Known,Not Known,images/Kay_Kay.jpg
Kiran Kumar,Kiran Kumar,20 October 1953 ,, 180 cm, 75 kg,,,,Mumbai_Maharashtra_India,Indian,,Hinduism,,Watching TV (Cricket),Married,,,images/Kiran_Kumar.jpg
Karthi (Actor),Karthi (Actor),25 May 1977,, 178 cm, 78 kg,Dark Brown,Black,Gemini,Chennai_Tamil Nadu_India,Indian,,Hindu,,Singing,Married,8 to 10 Crore/film (INR),,images/Karthi_(Actor).jpg
Karan Kapoor,Karan Kapoor,18 January 1962,,-178 cm,-80 kg,Hazel Brown,Salt & Pepper,Capricorn,Mumbai_Maharashtra_India,Indian,,Hinduism,,Photography,Married,,,images/Karan_Kapoor.jpg
Karan Johar,Karan Dharma Kama Johar,25 May 1972,,178 cm,70 kg,Dark Brown,Black,Gemini,Mumbai_Maharashtra_India,Indian ,M. A. in French,Hinduism,Non-Vegetarian,Collecting Old Things and Antiques,Unmarried,₹6-8 crore/TV show season,₹835 Crore ($172 million),images/Karan_Johar.jpg
Karan Singh,Karan Singh,23 February 1982,,175 cm,76 kg,Light Brown,Black,Pisces,New Delhi_India,Indian,Graduate (Hotel Management),Sikh,,Playing games on playstation,Married,"Rs 80,000 per day (for TV serial)",13.4 Crores (INR),images/Karan_Singh.jpg
Kamal Haasan,Kamal Haasan,7 November 1954,,170 cm,,Black,Black,Scorpio,Chennai_Tamil Nadu_India,Indian ,Not Known,Hinduism,,Reading,Divorced,30 crore/film (INR),$100 million,images/Kamal_Haasan.jpg
Kamaal R,Kamaal Rashid Khan, 1 January 1975,,170 cm,62 kg,Black,Black,Capricorn,Deoband_Uttar Pradesh_India,Indian ,Graduate,Islam,,Giving film reviews,Divorced,,,images/Kamaal_R.jpg
"Karan Age,","Karan Age,",19 August 1969,,,,,,Leo,Tamil Nadu_India,Indian ,,Hinduism,,Watching films,Married,,,"images/Karan_Age,.jpg"
Kapil Sharma,Kapil Sharma,2 April 1981,,175 cm,80 kg,Black,Black,Aries,Amritsar_Punjab_India,Indian ,Graduate,Hinduism,,Singing,Married,₹60-80 lakh/episode,$10 million,images/Kapil_Sharma.jpg
K. L.,Kundanlal Saigal,11 April 1904,,175 cm,75 kg,,,Aries,Jalandhar_Punjab_British India, Indian,Not Known,Hinduism,,Singing & Playing Harmonium,Married," 20,000/song (INR)",,images/K._L..jpg
Kabir Bedi,Kabir Bedi,16 January 1946,,188 cm,64 kg,Dark Brown,Salt & Pepper,Capricorn,Delhi, Indian,Graduate (Field Not Known),Sikh,,Travelling_Writing,Married,,Not Known,images/Kabir_Bedi.jpg
Jugal Hansraj,Jugal Hansraj,26 July 1972,, 175 cm, 76 kg,,,Leo,Mumbai_India,Indian,,Hindu,,Listening music_swimming,Married,,,images/Jugal_Hansraj.jpg
John Abraham,John Abraham,17 December 1972,,183 cm,95 kg,Black,Black,Sagittarius,Mumbai_Maharashtra_India,Indian,"B.A. in Economics from Jai Hind College, University of Mumbai,
MBA from Mumbai Educational Trust",Christianity,Non-Vegetarian (Pescetarian and Eggetarian),Biking and Gymming ,Married,₹11 Crore/film,₹168 Crore,images/John_Abraham.jpg
Johnny Lever,Johnny Lever,14 August 1957,,165 cm,66 kg,Black,Black,Leo,Prakasam_Andhra Pradesh_India (Presently lives in Mumbai_India),Indian ,7th Standard,Christianity,,Doing Charity_Doing Mimicry_Listening to Music_Watching Films,Married,Not Known,Not Known,images/Johnny_Lever.jpg
Jisshu Sengupta,Jisshu Sengupta,15 March 1977 ,,183 cm,75 kg,Dark Brown,Black,Pisces,Kolkata_India,Indian,Degree in Economics,Hinduism,,Driving_Listening to Music,Married,,,images/Jisshu_Sengupta.jpg
Jeet (Actor),Jeet (Actor),30 November 1978,,183 cm,75 kg,Dark Brown,Black,Sagittarius,Kolkata_India,Indian,Graduate,Hinduism,,Shopping_Gymming_Watching Dramas and Movies_Creating Art,Married,,,images/Jeet_(Actor).jpg
Jithan Ramesh,Jithan Ramesh,23 October 1982,,175 cm,75 kg,Dark Brown,Black,Libra,Chennai_Tamil Nadu_India,Indian,Bachelor of Business Administration (BBA),Hinduism,Non-Vegetarian,Travelling_Playing Cricket,Married,,,images/Jithan_Ramesh.jpg
Jimmy Sheirgill,Jimmy Sheirgill,3 December 1970,,173 cm,65 kg,Black,Black,Sagittarius,Patiala_Punjab_India,Indian ,B.Com ,Sikhism,Non-Vegetarian,Reading_Playing & Watching Cricket,Married,₹1-2 crore/film,₹68 Crore ($10 million),images/Jimmy_Sheirgill.jpg
"Jayasurya Height,",Jayasurya Maradu,31 August 1978,,173 cm,-70 kg,Black,Black,Virgo,Thrippunithura_Kochi, Indian,Bachelor of Commerce,Hinduism,,Singing_Doing Mimicry & Reading,"Married,
", 45 lacs/film (INR),,"images/Jayasurya_Height,.jpg"
Jayam Ravi,Jayam Ravi,10 September 1980,, 180 cm, 77 kg ,Brown,Black,Virgo,Tirumangalam_Madurai_Tamil Nadu,Indian,,Hinduism,,Dancing,Married,,,images/Jayam_Ravi.jpg
Jiiva (aka,Jiiva (aka,4 January 1984,, 182 cm,70 kg,,,Capricorn,Chennai_Tamil Nadu_India,Indian,,Hindu,,Listening to music_watching films_playing cricket_playing computer games,Married,,,images/Jiiva_(aka.jpg
Jayant Sinha,Jayant Sinha,21 April 1963,,177 cm, 70 kg,Black,Salt & Pepper,Taurus,Jharkhand_India,Indian,"• Graduation (1985) ,
• Master of Science in Energy Management and Policy (1986) ,
• M.A (1992),
• Master of Business Administration (1992)",Hinduism,,Travelling_Playing Tennis_Walking_Collecting Artistic objects & Antique Furniture_Writing Romantic Poems,Married,Rs. 1 Lakh + Other Allowances,Rs. 77 Crore (as in 2019),images/Jayant_Sinha.jpg
Jayaram (Actor),Jayaram (Actor),10 December 1965,,175 cm,80 kg,Black,Black,Sagittarius,Perumbavoor_Kerala_India,Indian,B.A. in Economics,Hinduism,,Reading Newspaper,Married,,,images/Jayaram_(Actor).jpg
Jeetendra (Actor),Jeetendra (Actor),7 April 1942,,175 cm,72 kg,Dark Brown,Black,Aries,Amritsar_Punjab,Indian,Graduation,Hinduism,,Dancing_Listening to Music,Married,,,images/Jeetendra_(Actor).jpg
Jagapati Babu,Veeramachaneni Jagapatirao Chowdary,12 February 1962,,175 cm,70 kg,Dark Brown,Black,Aquarius,Chennai_Tamil Nadu_India,Indian,Graduate,Hinduism,,Travelling_Reading,Married,,,images/Jagapati_Babu.jpg
"Jagdeep Age,",Syed Ishtiaq Ahmed Jafri,29 March 1939,,174 cm,60 kg,Black,Salt & pepper,Aries ,Mumbai_India, Indian,Not known,Islam,,,Married,,,"images/Jagdeep_Age,.jpg"
Jai (Actor),Jai (Actor),"6 April 1985,
",, 173 cm, 63 kg ,Black,Black,Aries,Chennai_Tamil Nadu_India,Indian,,Hinduism,,Watching films,Unmarried,,,images/Jai_(Actor).jpg
Irrfan Khan,Irrfan Khan,7 January 1967,,183 cm,75 kg,Dark Brown,Black,Capricorn,Khajuriya village_Tonk district_Rajasthan_India,Indian,Diploma in Dramatic Arts,Islam,Vegetarian,Reading_Playing Cricket,Married,₹12-14 crore/film,₹344 Crores ($50 million),images/Irrfan_Khan.jpg
Jackie Shroff,"Jai Kishan Kakubhai ""Jackie"" Shroff",1 February 1957 (Friday),63 Years,183 cm,,Dark Brown,Salt & Pepper,Aquarius,Mumbai_India,Indian,11th Standard ,,"Vegetarian,
,
, He became a vegetarian while shooting for Deepak Balraj Vij's Malik Ek (2010) ",Cooking_Listening to Music,Married,,Rs. 181 Crore (as in 2020) ,images/Jackie_Shroff.jpg
Jackky Bhagnani,Jackky Bhagnani,25 December 1984,,178 cm,80 kg,Black,Black,Capricorn,Mumbai_Maharashtra,Indian,Graduate in Commerce,Hinduism,,,Unmarried,,,images/Jackky_Bhagnani.jpg
Imran Khan,Imran Khan,13 January 1983,,178 cm,70 kg,Hazel Brown,Black,Capricorn,Mumbai_Maharashtra_India,American,"Degree in Filmmaking from New York Film Academy, Los Angeles",Islam,Non-Vegetarian,Travelling_Photgraphy_Cooking,Married,₹7-10 Crore,₹100 Crore ($15 Million),images/Imran_Khan.jpg
Imran Hasnee,Imran Hasnee,1 December 1972,,178 cm,70 kg,Grey,Brown,Sagittarius,Bhopal_Madhya Pradesh_India,Indian,Master of Computer Management,Islam,Non-Vegetarian,Travelling_Reading_Dancing_Cooking,Not Known,,,images/Imran_Hasnee.jpg
Ileana D’Cruz,Ileana D’Cruz,1 November 1987,,165 cm,55 Kg,Dark Brown,Black,Scorpio,Parra_Goa_India,Indian,Graduation,Roman Catholicism,Non-Vegetarian,Swimming_Photography_Reading,Unmarried,₹2-3 Crore/Film,,images/Ileana_D’Cruz.jpg
Hiran Chatterjee,Hiran Chatterjee,19 December 1985,,178 cm,75 kg,Dark Brown,Black,Sagittarius,Kolkata_India,Indian,"B.A in English (Hons.), Management in Logistics & Supply Chain and Law in Customs",Hinduism,,Travelling_Spending Time with Family,Married,,,images/Hiran_Chatterjee.jpg
Hrithik Roshan,Hrithik Roshan,10 January 1974,,180 cm,85 kg,Hazel Green,Black,Capricorn,Mumbai_Maharashtra_India,Indian,"Bachelors of Commerce from Sydenham College, Mumbai",Hinduism,Non-Vegetarian,Travelling_Gymming_Reading ,Divorced,₹35-40 Crores/film,₹1428 Crore ($215 million),images/Hrithik_Roshan.jpg
Himesh Reshammiya,Himesh Reshammiya,23 July 1973,,170 cm,70 kg,Black,Black,Leo,Bhavnagar_Gujarat_India,Indian ,Not Known,Hindu,,Theatre plays,Married,"10 Crore/film (INR),
2 Crore/album (INR)",$4 million,images/Himesh_Reshammiya.jpg
Harman Baweja,Harman Baweja,13 November 1980,,-183 cm,-80 kg,Dark Brown,Black,Scorpio,Chandigarh_India,Indian,,Sikhism,,Listening to music,Unmarried,,,images/Harman_Baweja.jpg
Harshvardhan Rane,Harshvardhan Rane,16 December 1983,,175 cm,74 kg,Dark Brown,Black,Sagittarius,Gwalior_Madhya Pradesh_India,Indian ,Not Known,Hindu,,Workout_driving_photography_playing badminton and listening music,Unmarried,Not Known,Not Known,images/Harshvardhan_Rane.jpg
Harbhajan Mann,Harbhajan Mann,30 December 1965 ,,185 cm,80 kg,Dark Brown,Black,Capricorn,Village Khemuana_Bathinda_Punjab_India,Indian,Not Known,Sikhism,,Reading Punjabi Literature & Newspapers_Spending Time With Family_Travelling_Watching the Ice Hockey Game.,Married,,,images/Harbhajan_Mann.jpg
Guru Dutt,Guru Dutt,"9 July 1925,
",,173 cm,75 kg,,,Cancer,Bhowanipore_West Bengal_India, Indian,Not Known,Hinduism,,Playing Badminton_Writing_Reading_Dancing_Taking Care of Animals & Listening Music ,Married,"INR 60-70 thousand/film (as a film Director),
INR 80-90 thousand/Film (as an actor)",Not Known,images/Guru_Dutt.jpg
Harish Kumar,Harish Kumar,1 August 1975 ,,163 cm,70 kg,Black,Black,Leo,Hyderabad, Indian,Not Known,Hinduism,,,Married,,,images/Harish_Kumar.jpg
Gurdas Maan,Gurdas Maan,4 January 1957,,175 cm,70 kg,Dark Brown,Black,Capricorn,Giddarbaha_District Muktsar_Punjab_India,Indian ,"Diploma Course in Sports Coaching from National Institute of Sports, Patiala, India",Sikhism,Vegetarian/Non-Vegetarian,Gymming_Yoga_Poetry,Married,,,images/Gurdas_Maan.jpg
Gurmeet Choudhary,Gurmeet Sitaram Choudhary,22 February 1984,,180 cm,75 kg,Brown,Black,Pisces,Bhagalpur District_Bihar_India,Indian,,Hinduism,Non-Vegetarian,Reading_Collecting Goggles & Sunglasses,Married,"₹ 80,000/day",,images/Gurmeet_Choudhary.jpg
Gulshan Devaiah,Gulshan Devaiah,28 May 1978,,178 cm,68 kg,Black,Black,Gemini,Jalahalli_Bengaluru_Karnataka_India,Indian,Degree in Fashion Designing ,Hindu,,Theatre plays and reading,Married,Not Known,Not Known,images/Gulshan_Devaiah.jpg
Gulshan Grover,Gulshan Grover,21 September 1955,,175 cm,70 kg,Black,Black,Virgo,New Delhi_India,Indian ,Post Graduate in Commerce,Hinduism,,Workout and Swimming,Divorced,Not Known,,images/Gulshan_Grover.jpg
"Govinda Height,","Govinda Height,",21 December 1963,,171 cm,85 kg,Brown,Black,Sagittarius,Virar_Maharashtra_India,Indian,Bachelor of Commerce,Hinduism,,Dancing_Acting,Married,₹2-3 Crores/film,₹170 Crore ($25 Million),"images/Govinda_Height,.jpg"
Gireesh Sahedev,Gireesh Sahedev,Not Known,,170 cm,70 kg,Dark Brown,Black,Not Known,Mumbai_Maharashtra,Indian,Graduate,Hinduism,,Travelling_Watching TV_Reading ,Married,,,
Gavie Chahal,Gavie Chahal,11 November 1978,, 188 cm, 83 kg,Black,Black,Scorpio,Mansa_Punjab_India,Indian,,Sikhism,,Playing Kabaddi_Basketball & Cricket,Married,,,images/Gavie_Chahal.jpg
Girish Karnad,Girish Raghunath Karnad,19 May 1938,,175 cm,80 kg,Dark Brown,Black & White,Taurus,Bengaluru_India,Indian,"• Bachelor of Science in Mathematics and Statistics,
• Master of Arts in Philosophy, Political Science, and Economics,
• Ph.D. (Doctor of Philosophy)",Hinduism,,Reading_Writing_Listening to soft music_Yoga,Married,,,images/Girish_Karnad.jpg
Ganesh (Actor),Ganesh (Actor),2 July 1980,, 170 cm, 59 kg ,Dark Brown,Black,Cancer,Bangalore_Karnataka_India,Indian,,Hinduism,,Watching films,Married,,,images/Ganesh_(Actor).jpg
Fawad Khan,Fawad Khan,29 November 1981,,178 cm,69 kg,Dark Brown,Black,Sagittarius,Lahore_Pakistan,Pakistani,Bachelor in Computers and Telecom Engineering,Islam,,Singing_playing guitar_watching cartoons,Married,2 crore/film (PKR),Not Known,images/Fawad_Khan.jpg
Farhan Akhtar,Farhan Akhtar,9 January 1974,,175 cm,70 kg,Dark Brown,Black,Capricorn,Lucknow_Uttar Pradesh (Settled in Mumbai),Indian,High School,Atheist,Non-Vegetarian,Collecting Gadgets_Singing,Divorced,₹10 crore/film,₹140 Crores ($22 Million),images/Farhan_Akhtar.jpg
Fahadh Faasil,Fahadh Faasil,8 August 1982,, 170 cm, 62 kg ,Brown,Black,Leo,Alappuzha_Kerala_India,Indian,,Islam,,,Married,,,images/Fahadh_Faasil.jpg
Emraan Hashmi,Emraan Anwar Hashmi,24 March 1979,,173 cm,75 kg,Dark Brown,Black,Aries,Mumbai_Maharashtra_India,Indian,B.Com,Islam,,Playing Video Games_Collecting Watches_Doing Photography ,Married,₹10-12 crore/film,₹89 Crore ($13 million),images/Emraan_Hashmi.jpg
Faisal Khan,Faisal Khan,3 August 1966,,173 cm,75 kg,Brown,Black,Leo,Mumbai_Maharashtra_India,Indian,,Islam,,,Not Known,,,images/Faisal_Khan.jpg
Feroz Khan,Feroz Khan,24 October 1989,,173 cm,76 kg,Dark Brown,Black,Scorpio,Dehradun_Uttarakhand_India,Indian ,Not Known,Islam,,Singing_Bike Riding_Adventure Sports- Rafting_Bungee Jumping,Unmarried,,,images/Feroz_Khan.jpg
Dilip Kumar,Dilip Kumar,11 December 1922 ,,175 cm,66 kg,Black,Salt & Pepper ,Sagittarius,Bombay (now Mumbai)_India,Indian ,Not Known,Islam,,Cooking_Playing Cricket,Married,,$65 million ,images/Dilip_Kumar.jpg
Fardeen Khan,Fardeen Khan,8 March 1974,,173 cm,90 kg,Dark Brown,Black,Pisces,Mumbai_Maharashtra_India,Indian,Bachelor of Business Management,Islam,,Travelling_Horse riding,Married,,,images/Fardeen_Khan.jpg
Duniya Vijay,Duniya Vijay,20 January 1974 (Sunday),,165 cm,,Black,Black,Capricorn,Anekal_Karnataka,Indian,,Hinduism,,Travelling and Gymming,Married,,Rs. 151 Crores (as of 2018) ,images/Duniya_Vijay.jpg
Dulquer Salmaan,Dulquer Salmaan,28 July 1986 (Monday),,175 cm,,Black,Black,Leo,Kochi_Kerala_India,Indian,"•Bachelor of Business Management (BBM),
•3 Months acting course",Islam,,Singing_Watching Films_Travelling,Married,,,images/Dulquer_Salmaan.jpg
Dileep (Actor),Dileep (Actor),27 October 1968,, 170 cm, 80 kg,Brown,Black,Scorpio,Aluva_Kerala_India,Indian,"Bachelor of Arts (B.A.) in Economics, Master of Arts (M.A.) in History",Hinduism,,Watching films,Married,,,images/Dileep_(Actor).jpg
Diljit Dosanjh,Daljit Singh Dosanjh ,6 January 1984,36 Years,175 cm,,Black,Black,Capricorn,Ludhiana_Punjab_India,Indian,10th standard,Sikhism,Non-Vegetarian,Dancing,Married ,₹4 crore/film,₹170 crore ,images/Diljit_Dosanjh.jpg
Dinesh Chandimal,Lokuge Dinesh Chandimal,18 November 1989,,175 cm,70 kg,Black,Black,Scorpio,Balapitiya_Sri Lanka,Sri Lankan,,Buddhist,Non-Vegetarian,Listening to Music_Watching Movies_Traveling,Married,"$125,000 a year (as in 2016)",,images/Dinesh_Chandimal.jpg
Dino Morea,Dino Morea,9 December 1975,,180 cm,84 kg,Light Brown,Black,Sagittarius,Bangalore_Karnataka,Indian,Graduate,Christianity,,Watching Movies_Swimming,Unmarried,,,images/Dino_Morea.jpg
Diganth Manchale,Diganth Manchale,28 December 1983,, 175 cm, 75 kg,Brown,Black,Capricorn,Bengaluru_Karnataka_India,Indian,Bachelor of Commerce (B.Com.),Hinduism,,,Unmarried,,,images/Diganth_Manchale.jpg
"Dharmendra Age,","Dharmendra Age,",8 December 1935,,173 cm,75 kg,Brown,Black (Dyed),Sagittarius,Sahnewal_Ludhiana_Punjab_India,Indian,12th standard,Sikhism,Non-Vegetarian,Cycling_Travelling_Watching Films,Married,,₹23 Crore (As in 2014),"images/Dharmendra_Age,.jpg"
Dhanush (Actor),Dhanush (Actor),28 July 1983,,173 cm,70 kg,Black,Black,Leo,Chennai_Tamil Nadu_India,Indian,BCA (Correspondence),Hinduism,Vegetarian,Playing Snooker & Table Tennis_Reading Novels_Writing,Married,₹10-15 crore/film,$15 million (As in 2016),images/Dhanush_(Actor).jpg
Dev Anand,Dev Anand,26 September 1923,,170 cm,55 kg,Brown,Black,Libra,Gharota_Gurdaspur_Punjab,Indian,B.A. in Literature,Hinduism,,Reading_writing_collecting pens_jackets and pair of shoes_yoga,Married,,,images/Dev_Anand.jpg
Deepak Dobriyal,Deepak Dobriyal,1 September 1975,,170 cm,60 kg,Black,Black,Virgo,Pauri Garhwal_Uttarakhand_India, Indian,Not Known,Hinduism,,Traveling_Listening to Music,Married,,Not Known,images/Deepak_Dobriyal.jpg
Dara Singh,Dara Singh,19 November 1928 (Monday),,188 cm,130 kg,Dark Brown,Salt & Pepper,,Dharmu Chak Village_Amritsar_Punjab Province_British India,Indian,,,Non-Vegetarian ,Travelling,Married (At the time of death in 2012),₹4 Lakh/film,$4 million (as in 2012),images/Dara_Singh.jpg
Darshan Aulakh,Darshan Aulakh,Not Known,,170 cm,70 kg,Dark Brown,Black,Not Known,Abohar_Punjab_India,Indian,Graduate,Sikhism,,Reading_Watching Movies,Married,,,images/Darshan_Aulakh.jpg
Devangana Kumar,Devangana Kumar,Not Known,,163 cm,63 kg,Black,Black,Not Known,New Delhi_India (Ancestral roots are from Patna_Bihar),Indian ,Graduate,Hinduism,,Painting_Collecting postcards,Married,,,images/Devangana_Kumar.jpg
Darsheel Safary,Darsheel Safary,9 March 1997,,165 cm,60 kg,Dark Brown,Black,Pisces,Mumbai_Maharashtra_India,Indian ,Undergraduate (Bachelor Of Mass Media),Hinduism,,Dancing_Singing_Playing Football & Cricket,Unmarried,,,images/Darsheel_Safary.jpg
Danny Denzongpa,Danny Denzongpa,25 February 1948,,178 cm,79 kg,Black,Black,Pisces,Gangtok_Sikkim,Indian,Course in Acting,Buddhism,,Horse riding_painting_writing_sculpting ,Married,,,images/Danny_Denzongpa.jpg
Deepak Tijori,Deepak Tijori,28 August 1961 (Monday),,173 cm,,Light Brown,Black,Virgo,Mumbai_India,Indian,"Graduation from Narsee Monjee College of Commerce and Economics, Mumbai",Hinduism,"Vegetarian ,
",Watching Movies and Surfing the Internet,Separated,,,images/Deepak_Tijori.jpg
Dev Gill,Devinder Singh Gill,12 October 1977,,180 cm,75 kg,Brown,Black,Libra,Pune_Maharashtra_India, Indian,Not Known,Hinduism,Non-Vegetarian,,Married,,Not Known,images/Dev_Gill.jpg
Dalip Tahil,Dalip Tahiliani,30 October 1952,,173 cm,70 kg,Dark Brown,Salt & Pepper,Scorpio,Lucknow_Uttar Pradesh_India,Indian,Graduate,Hinduism,Non-Vegetarian,Travelling_Singing_Playing Cricket,Married,,,images/Dalip_Tahil.jpg
Cyrus Sahukar,Cyrus Sahukar,6 August 1980,,185 cm,80 kg,Dark Brown,Black,Leo,Indore_Madhya Pradesh_India,Indian,Graduate,Zoroastrianism,Non-Vegetarian,Travelling_Writing,Unmarried,,,
David Beckham,David Beckham,2 May 1975,,183 cm,75 kg,Hazel ,Blonde,Taurus,Leytonstone_London_England,British,School Certificate,Half Jewish Half Christian ,,Music_Photography ,Married,,$350 million,images/David_Beckham.jpg
Chunky Pandey,Chunky Pandey,26 September 1962,,180 cm,69 kg,Black,Black,Libra,Mumbai_Maharashtra_India,Indian ,Not Known,Hinduism,,Partying,Married,,,images/Chunky_Pandey.jpg
Cyrus Broacha,Cyrus Broacha,7 August 1971,,175 cm,100 kg,Black,Black,Leo,Mumbai_Maharashtra_India,Indian,"Graduate in Political Science,
Degree in Law (incomplete)",Zoroastrianism,,Gymming_Travelling_Watching TV,Married,,,images/Cyrus_Broacha.jpg
"Chandrashekhar (Actor),",Chandrashekhar Vaidya,07 july 1923,,170 cm,60 kg,Brown,Salt & Pepper,Cancer,Hyderabad, Indian,7th Standard ,Hindu,,Travelling_Watching TV_Reading_Writing,Married,,,"images/Chandrashekhar_(Actor),.jpg"
Chandrachur Singh,Chandrachur Singh,11 October 1968,,180 cm,84 kg,Dark Brown,Black,Libra,Khair_Uttar Pradesh_India,Indian,Graduate,Sikhism,,Singing_Cooking,Married,,,images/Chandrachur_Singh.jpg
Charlie Chauhan,Charlie Chauhan,8 September 1990,,158 cm,70 kg,Dark Brown,Black,Virgo,Shimla_Himachal Pradesh_India,Indian ,Graduate,Hinduism,,Watching Movies_Surfing Internet_Listening to Music_Dancing,Unmarried,,,images/Charlie_Chauhan.jpg
Bobby Simha,Bobby Simha,6 November 1983,, 175 cm, 65 kg ,Black,Black,Scorpio,Kodaikanal_Dindigul district_Tamil Nadu_India,Indian,,Hinduism,,Not Known,Married,,,images/Bobby_Simha.jpg
Bobby Deol,Bobby Deol,27 January 1969,,180 cm,75 kg,Light Brown,Black,Aquarius,Sahnewal_Ludhiana_Punjab_India,Indian,Graduate in Commerce,Sikhism,Non-Vegetarian,Watching Movies_Collecting Sunglasses,Married,₹2 Crore/film,₹136 Crore ($20 Million),images/Bobby_Deol.jpg
Boman Irani,Boman Irani,2 December 1959,,188 cm,88 kg,Dark Brown,Black,Sagittarius,Mumbai_Maharashtra_India,Indian ,Diploma in Polytechnic ,Zoroastrianism (Parsi),,Photography,Married,Not Known,Not Known,images/Boman_Irani.jpg
Brahmanandam (Comedian),Brahmanandam (Comedian),1 February 1956,,165 cm,85 kg,Brown,Black,Aquarius,Chaganti Vari Palem Sattenapalli_Guntur District_Andhra Pradesh_India,Indian,M.A (Telugu) ,Hinduism,,Reading_Writing,Married,,,images/Brahmanandam_(Comedian).jpg
Barun Sobti,Barun Sobti,21 August 1984,,181 cm,74 kg,Black,Black,Leo,Delhi_India,Indian ,Not Known,Sikhism,,Writing Poems_Playing Football,Married,"Rs. 30,000 per episode",,images/Barun_Sobti.jpg
Avinash Dwivedi,Avinash Dwivedi,1987,,173 cm,68 kg,Black,Black,Not Known,Delhi_India,Indian ,Not Known,Hindu,,Dancing and writing,Married,,,images/Avinash_Dwivedi.jpg
Atul Kulkarni,Atul Kulkarni,10 September 1965 ,,178 cm,70 kg,Black,White,Virgo,Belgaum_Mysore State_India,Indian,"B.A. in English Literature from D. A. V. College, Solapur,
A Postgraduate Diploma in Dramatic Arts from National School of Drama",Hinduism,,Reading_Travelling_Listening to Music,Married,,,images/Atul_Kulkarni.jpg
Atul Agnihotri,Atul Agnihotri ,8 July 1970,,180 cm,80 kg,Brown,Black,Cancer,Delhi_India, Indian,Not Known,Not Known,,Biking,Married,,,images/Atul_Agnihotri.jpg
Avinash Tiwary,Avinash Tiwary,Year 1991,,183 cm,75 kg,Black,Black,,Mumbai_Maharashtra_India,Indian,,Hinduism,,Travelling_Reading,Unmarried,,,images/Avinash_Tiwary.jpg
"Asrani Age,",Govardhan Asrani,1 January 1941,,165 cm,65 kg,Brown,Salt & pepper (Dyed black),Capricorn,Jaipurr_India, Indian,Graduate,Hindu Sindhi,,Watching movies_reading_writing scripts,Married,,$6 million,"images/Asrani_Age,.jpg"
Ashok Selvan,Ashok Selvan,8 November 1989,, 180 cm, 73 kg ,Brown,Black,Scorpio,Chennai_Tamil Nadu_India,Indian,,Hinduism,,Playing cricket,Unmarried,,,images/Ashok_Selvan.jpg
Ashok Kumar,Ashok Kumar,13 October 1911,,175 cm,,Brown,Black ,Libra,Bhagalpur_Bihar_India,Indian ,Graduate ,Hinduism ,,Reading novels ,Married,₹300-400/month (during 1940s and 1950s),,images/Ashok_Kumar.jpg
Ashok Gehlot,Ashok Gehlot,3 May 1951,,170 cm,75 kg,Hazel Green,Salt & Pepper,Taurus,Mahamandir_Jodhpur_India,Indian,"• Bachelor of Science,
• Bachelor of Laws,
• Masters in Economics",Hinduism,Vegetarian,,Married,"₹55,000/month + Other Allowances (as in 2018) ",₹6.5 Crore (as in 2018),images/Ashok_Gehlot.jpg
Ashok Saraf,Ashok Saraf,4 June 1947,,178 cm,80 kg,Black,Black,Gemini,Belgaum_Maharashtra_India,Indian,Not known,Hinduism,,Travelling_Listening to Music,Married,,,images/Ashok_Saraf.jpg
Ashish Vidyarthi,Ashish Vidyarthi,19 June 1962,,173 cm,80 kg,Dark Brown,Black,Gemini,Delhi_India,Indian,"Bachelor of Arts (B.A.) in History,
Diploma in Acting",Hinduism,,Travelling,Married,,,images/Ashish_Vidyarthi.jpg
Arunoday Singh,Arunoday Singh,17 February 1983,,193 cm,95 kg,Brown,Black,Aquarius,Mendora village_Bhopal_Madhya Pradesh_India,Indian,Majored in English Literature,Hinduism,,Painting_Travelling_Writing Poetry,Married,₹1 Crore/film,₹67 Crore ($10 Million),images/Arunoday_Singh.jpg
Asif Ali,Asif Ali,4 February 1986,, 173 cm, 63 kg ,Black,Black,Aquarius,Thodupuzha_Idukki_Kerala_India,Indian,,Islam,,Watching films,Married,,,images/Asif_Ali.jpg
Arjun Sarja,Arjun Sarja,15 August 1964,, 178 cm, 80 kg,Light Brown,Black,Leo,Chennai_Tamil Nadu_India,Indian,Bachelor of Science (B.Sc.),Hinduism,,Writing_singing,Married,,,images/Arjun_Sarja.jpg
Arshad Warsi,Arshad Warsi,19 April 1968,,168 cm,70 kg,Light Brown,Black,Aries,Mumbai_Maharashtra_India,Indian,10th Standard,Islam,,Dancing_Biking_Cooking,Married,₹2-3 Crore/film,₹269 Crore ($40 million),images/Arshad_Warsi.jpg
Arya Babbar,Arya Babbar,,,,,,,,,,,,,,,,,images/Arya_Babbar.jpg
Arjun Rampal,Arjun Rampal,26 November 1972 ,,185 cm,85 kg,Brown,Black,Sagittarius,Jabalpur_Madhya Pradesh_India,Indian ,B.A. in Economics ,Hinduism,Non-Vegetarian,Reading_Driving_Playing Guitar and Cricket,Divorced ,₹7-8 Crore/film,₹306 Crore ($45 million),images/Arjun_Rampal.jpg
Arjun Mathur,Arjun Mathur,18 October 1981,,178 cm,70 kg,Brown,Black,Libra,New Delhi_India,Indian,Graduate,Hinduism,Non-Vegetarian,Travelling_Painting_Photography_Watching Films_Listening to Music,Divorced,,,images/Arjun_Mathur.jpg
Arif Zakaria,Arif Zakaria,11 November 1966,,175 cm,70 kg,Dark Brown,Black,Scorpio,Mumbai_Maharashtra_India,Indian,Graduate,Islam,,Travelling,Married,,,images/Arif_Zakaria.jpg
Arjun Kapoor,Arjun Kapoor,26 June 1985,,183 cm,85 kg,Dark Brown,Black,Cancer,Mumbai_Maharashtra_India,Indian,12th fail,Hinduism,Non-Vegetarian,Playing Football & Video Games_Travelling,Unmarried,₹5-7 Crore/film,₹67 Crore ($10 Million),images/Arjun_Kapoor.jpg
Aravind Akash,Aravind Akash,30 November 1976,,173 cm,70 kg,Brown,Black,Sagittarius,Chennai_Tamil Nadu_India,Indian,Bachelor in History,Hinduism,Non-Vegetarian,Watching Cricket Matches_Travelling,Not Known,,,images/Aravind_Akash.jpg
Arbaaz Khan,Arbaaz Khan,4 August 1967,,178 cm,75 kg,Black,Black,Leo,Mumbai_India,Indian,Not Known,Islam,Non-Vegetarian,Travelling_Cooking_Swimming,Divorced,,₹134 Crore ($20 Million),images/Arbaaz_Khan.jpg
Apurva Agnihotri,Apurva Agnihotri,2 December 1972,,173 cm,70 kg,Black,Black,Sagittarius,Kolkata_West Bengal_India,Indian ,Bachelor of Arts ,Hindu,,Photography,Married,Not Known,Not Known,images/Apurva_Agnihotri.jpg
Anupam Kher,Anupam Kher,7 March 1955 ,,170 cm,70 kg,Dark Brown,N/A (Bald),Pisces,Shimla_Himachal Pradesh_India,Indian,Graduate in Theatre Drama,Hinduism,Non-Vegetarian,Listening to Old Hindi Songs_Reading,Married,₹2.17 crore (as in 2014) ,₹400 crore (as in 2018) ,images/Anupam_Kher.jpg
Anurag Kashyap,Anurag Singh Kashyap,10 September 1972,,178 cm,84 kg,Black,Black,Virgo,Gorakhpur_Uttar Pradesh,Indian,Bachelor of Science,Atheist,Non-Vegetarian,Writing_Swimming,Divorced,Rs. 8 crores/film,$110 million (As in 2018),images/Anurag_Kashyap.jpg
Ankush Hazra,Ankush Hazra,14 February 1989,,183 cm,80 kg,Dark Brown,Black,Aquarius,Kolkata_India,India,"Bachelor of Business Administration, Electronic Engineering",Hinduism,,Travelling,Unmarried,,,images/Ankush_Hazra.jpg
Annu Kapoor,Annu Kapoor,20 February 1956,, 163 cm, 64 kg,,,Pisces,Itwara_Bhopal_Madhya Pradesh_India,Indian,,Hindu,,Singing,Married,,,images/Annu_Kapoor.jpg
Amol Palekar,Amol Palekar,24 November 1944,,168 cm,65 kg,Black,Salt & Pepper,Sagittarius,Mumbai, Indian,Diploma Course Fine Arts,Hindu,,Travelling_Writing,Married,,,images/Amol_Palekar.jpg
Amrish Puri,Amrish Lal Puri,22 June 1932,,178 cm,80 kg,Brown,White,Cancer,Nawanshahr_Punjab_India,Indian,Graduate,Hinduism,,Making A Collection of Hats_Travelling_Listening to Indian Classical Music,Married,1 Crore INR/Film,,images/Amrish_Puri.jpg
Anil Kapoor,Anil Kapoor,24 December 1956 ,,178 cm,70 kg,Dark Brown,Black,Capricorn ,Mumbai_Maharashtra_India,Indian,12th Standard (Expelled from college due to lack of attendance),Hinduism,Non-Vegetarian,Painting_Gymming_Travelling,Married,₹3-4 Crore/film,₹120 Crores ($18 Million),images/Anil_Kapoor.jpg
Amjad Khan,Amjad Khan,12 November 1940,,178 cm,120 kg,Dark Brown,Black,Scorpio,Mumbai_India,Indian,A post-graduate in Philosophy,Islam,,Driving_Listening to Music_Playing Badminton,Married,,,images/Amjad_Khan.jpg
Amitabh Bachchan,Amitabh Harivansh Rai Shrivastava,11 October 1942,,188 cm,,Dark Brown,Salt & Pepper,Libra,Allahabad_Uttar Pradesh_India,Indian,Bachelor of Science,Hinduism,Non-vegetarian,Singing_Blogging_Reading,Married,Rs. 20 Crores/film (As in 2018),$400 million; Rs. 2800 Crores (as in 2019) ,images/Amitabh_Bachchan.jpg
Allu Sirish,Allu Sirish,16 January 1987,,170 cm,70 kg,Dark Brown,Black,Capricorn,Chennai_Tamil Nadu_India,Indian,Mass Communication (Journalism),Hinduism,,Driving_Gymming,Unmarried,,,images/Allu_Sirish.jpg
Alok Nath,Alok Nath,10 July 1956,,174 cm,90 kg,Dark Brown,Salt & peper,Cancer,Delhi,Indian,Graduate degree in Theatre,Hinduism,,Collecting shoes_spending time with his pet dogs,Married,,,images/Alok_Nath.jpg
Allari Naresh,Allari Naresh,30 June 1982,, 188 cm, 75 kg ,Dark Brown,Black,Cancer,Hyderabad_Telangana_India,Indian,,Hinduism,,Not Known,Married,,,images/Allari_Naresh.jpg
Allu Arjun,Allu Arjun,8 April 1983,,175 cm,69 kg,Brown,Light Brown,Aries,Hyderabad_India ,Indian ,BBA ,Hinduism,,Collecting antique things_reading_photography_drawing,Married,13-15 crore/film (INR) ,$7 million,images/Allu_Arjun.jpg
Akshaye Khanna,Akshaye Khanna,28 March 1975,,175 cm,70 kg,Dark Brown,Black (Semi-bald),Aries,Mumbai_Maharashtra_India,Indian,Graduate,Hinduism,Non-Vegetarian,Playing Chess & Squash_Gardening_Swimming_Reading_Gymming,Unmarried,₹2-3 crore/film ,,images/Akshaye_Khanna.jpg
Ali Basha,Mohammad Ali Basha,10 October 1968,,165 cm,60 kg,Dark Brown,Black,Libra,Rajahmundry_Andhra Pradesh_India,Indian,,Islam,,Travelling,Married,,,images/Ali_Basha.jpg
Akshay Kumar,Akshay Kumar,9 September 1967,,180 cm,80 kg,Dark Brown,Black,Virgo,Mumbai_India,Canadian ,College Drop-out,Hinduism,Non-Vegetarian,Collecting Posters of Old Bollywood Movies_Cooking_Martial Arts_Playing Volleyball and Cricket ,Married,₹25 crore/film,₹980 crore,images/Akshay_Kumar.jpg
Aju Varghese,Aju Varghese,11 January 1985,, 170 cm, 63 kg ,Black,Black,Capricorn,Thiruvalla_Pathanamthitta_Kerala_India,Indian,,Christian,,Not Known,Married,,,images/Aju_Varghese.jpg
Ajith Kumar,Ajith Kumar,1 May 1971,, 175 cm, 80 kg ,Brown,Salt & Pepper,Taurus,Secunderabad_Hyderabad_Telangana_India,Indian,,Hinduism,,Racing_photography_reading biographies_playing cricket,Married, 25-30 crore/film (INR),$2 million,images/Ajith_Kumar.jpg
Akshay Anand,Akshay Anand,Not Known,,173 cm,-70 kg,Black,Black,,Not Known,Indian,,Hinduism,,,Married,,,images/Akshay_Anand.jpg
Ajaz Khan,Ajaz Khan,30 May 1980,,173 cm,75 kg,Grey,Black,Gemini,Ahmedabad_Gujarat_India,Indian ,Not Known,Islam,,Gyming,Married,₹2-3 lakhs/ week,,images/Ajaz_Khan.jpg
Ajay Rao,Krishna Ajai Rao,24 January 1980,, 178 cm, 72 kg ,Dark Brown,Black,Aquarius,Hospet_Bellary District_Karnataka_India,Indian,,Hinduism,,Singing,Married,,,images/Ajay_Rao.jpg
Aditya Roy,Aditya Roy,16 November 1985,,188 cm,80 kg,Dark Brown,Black,Scorpio,Mumbai_Maharashtra_India,Indian ,Graduate,Hinduism,Non-Vegetarian,Collecting Matchboxes_Playing the Guitar_Drawing_Writing Songs,Unmarried,₹4 crore/film,₹54 Crore ($8 million),images/Aditya_Roy.jpg
Aftab Shivdasani,Aftab Shivdasani,25 June 1978,,180 cm,75 kg,Black,Black,Cancer,Mumbai_Maharashtra_India,Indian ,Bachelor of Commerce,Hindu,,Playing cricket,Married,Not Known,$8 million,images/Aftab_Shivdasani.jpg
Abir Chatterjee,Abir Chatterjee,18 November 1980 ,,188 cm,85 kg,Dark Brown,Black,Scorpio,Kolkata_India,Indian," Bachelor of Business Administration, MBA in Finance",Hinduism,,Shopping_Reading,Married,,,images/Abir_Chatterjee.jpg
Achyuth Kumar,Achyuth Kumar,8 March 1966,,170 cm,65 kg,Dark Brown,Black,Pisces,Tiptur_Karnataka_India,Indian,Bachelor of Commerce (B.Com.),Hinduism,,Reading Books,Married,,,images/Achyuth_Kumar.jpg
Abhimanyu Singh,Abhimanyu Shekhar Singh,20 September 1975 (Saturday),,180 cm,,Dark Brown,Black,Virgo,Daudpur_Jehanabad_Bihar,Indian,Graduation ,,,Swimming_playing cricket_and fishing,Married,,,images/Abhimanyu_Singh.jpg
